00001  ; version 2.30 April 2026
00002  ; two pass symbolic assembler, dissembler and tracer
00003  ; REGB bits 0-3 are connected to LED's
00004  ; tested in Michael Kowalski 6502 Simulator - using 65C02 Code 
00005  ; Programmed by Joe DiMeglio
00006  ; https://github.com/jdimeglio/6502-Monitor
00007  ; bug fixes
00008      
00009              .OPT proc65C02,swapbin              ;Michal Kowaski Simulator
00010    FA4F                          .START  RESET_VECTOR                ;version 1.3.2
00011              .IO_WND 80,25                       ;{set TAB size to 4 in editior}
00012          
00013  ;------------------------------------------------------------------------
00014  ;tricks to save a couple bytes
00015  ;------------------------------------------------------------------------       
00016  SKIP2BYTES      .MACRO
00017                  
00018  SKIP1BYTE       .MACRO
00019                          
00020  ;------------------------------------------------------------------------
00021  ; Compiler Options/Directives
00022  ;------------------------------------------------------------------------
00023  
00024    0000              BRKAS2              =   0                       ;Add a second BRK byte
00025    0001              MYWYM               =   1                       ;has MYWYM Board settings/Chips
00026    0000              LCD_ROUTINES        =   0                       ;Compile with LCD 16x2 lines    
00027    0000              SYMON               =   0                       ;used for SYMON to define CIA and VIA 
00028    0000              ROM_LIBRRAY         =   0                       ;adds ROM library to assembler
00029    0001              PROTEUS 	    =   1         		;Use Proetus Memory address
00030  
00031  
00032      
00033          .INCLUDE    "constants.65s"
00034  ; LIBRARY FILE CONSTANTS.65S
00035  ; version 2.30
00036  ; two pass symbolic assembler, dissembler and tracer
00037  ; REGB bits 0-3 are connected to LED's
00038  ; tested in Michael Kowalski 6502 Simulator - using 65C02 Code 
00039  ; Programmed by Joe DiMeglio
00040  ; https://github.com/jdimeglio/6502-Monitor
00041  ; bug fixes
00042          
00043  
00044  ;------------------------------------------------------------------------
00045  ; Symbols used in source code
00046  ;------------------------------------------------------------------------
00047    0023              IMV         ='#'                            ;Indicates immediate mode value
00048    0024              HEX         ='$'                            ;Indicates a hex value
00049    0028              OPEN        ='('                            ;Open bracket for indirect addressing
00050    0029              CLOSE       =')'                            ;Close bracket for indirect addressing
00051    002A              PCREL       ='*'                            ;Indicates PC relative addressing
00052    003C              LOBYTE      ='<'                            ;Indicates lo-byte of following word
00053    003E              HIBYTE      ='>'                            ;Indicates hi-byte of following word
00054    002B              PLUS        ='+'                            ;Plus in simple expressions
00055    002D              MINUS       ='-'                            ;Minus in simple expressions
00056    002E              DOT         ='.'                            ;Indicates a local label
00057    0027              QUOTE       ='''                            ;delimits a string
00058    002C              COMMA       =','                
00059    003B              CMNT        =';'                            ;indicates a full line comment
00060    002E              PROMPT      ='.'                            ;The assembler prompt character
00061    002D              DASH        ='-'                            ;Dash for crued graphics
00062    0000              EOL         =$00                            ;End of line marker
00063    0000              EOS         =$00                            ;End of string marker
00064    0001              EOFLD       =$01                            ;End of field in tokenised source line
00065    0002              BLANK       =$02                            ;used to mark a blank line
00066    00FE              PRGEND      =$FE                            ;used to flag end of program parsing
00067    00FF              FAIL        =$FF                            ;used to flag failure in various searches
00068    000D              CR          =$0D                            ;CR character
00069    001B              ESC         =$1B                            ;ESC character
00070    0007              BELL        =$07                            ;BELL should be $07 but $20 for testing 
00071    0008              BS          =$08                            ;Back space key
00072    0009              TAB         =$09                            ;TAB character
00073    000A              LF          =$0a                            ;Line feed
00074    0020              SP          =$20                            ;Space
00075  
00076  
00077    004A              LEFTARROW   ='J'                            ;37
00078    0049              UPARROW     ='I'                            ;38 
00079    004B              RIGHTARROW  ='K'                            ;39
00080    004D              DOWNARROW   ='M'                            ;40
00081  
00082  
00083    000C              TAB1        =12                             ;1st tab stop 8
00084    0010              TAB2        =16                             ;2nd tab stop 12
00085    0014              TAB3        =20                             ;3rd tab stop 21
00086    001A              TAB4        =26                             ;4th tab
00087  
00088  
00089  ;------------------------------------------------------------------------
00090  ;screen coordinates - used to define start of left edge (x) & rows to 
00091  ;                   start drawing on the screen
00092  ;------------------------------------------------------------------------
00093    0009              XEDGE           =09                         ;9 characters across
00094    0002              YEDGE           =02                         ;2 Rows down see MOVETOCUROR_Y 
00095  
00096  ;------------------------------------------------------------------------
00097  ; Constants
00098  ;------------------------------------------------------------------------
00099    0004              DEF_LOMEM       =       $04                 ;Default lomem page
00100    03E8              DEF_AUTO        =       1000                ;Default Auto line number start
00101    000A              DEF_INC         =       10                  ;Default Auto increment step
00102    1000              DEF_ORG         =       $1000               ;Default Orgin location
00103    0200              DEF_OBJLOW      =       $0200               ;Default lowest object address
00104  
00105  
00106  ;------------------------------------------------------------------------
00107  ; Zero page memory
00108  ; Input buffer placed in ZP because of the many references to it. Must be
00109  ;  completely in ZP because address + index remains only one byte address
00110  ; PASS must remain the first label here! See INIT routine
00111  ;------------------------------------------------------------------------
00112  000019                                .ORG    $0019               ;Leave 1st part of ZP free
00113  000099                IN              .RS     128                 ;Input and parse buffer 128 Characters input
00114      
00115          .IF LCD_ROUTINES
00116  ;------------------------------------------------------------------------
00117  ; Tracing/debuging varials
00118  ;------------------------------------------------------------------------
00119  0000A8                XQT             .RS 15                      ;Used for tacing
00120  0000A9                SAVP            .RS 1                       ;registers save - 5 locations must be contiguous1
00121  0000AA                SAVS            .RS 1       
00122  0000AB                SAVY            .RS 1
00123  0000AC                SAVX            .RS 1
00124  0000AD                SAVA            .RS 1
00125  0000B0                WHATCH          .RS 3                       ;whatching bytes
00126      
00127  ;------------------------------------------------------------------------
00128  ; Assembler registers
00129  ;------------------------------------------------------------------------
00130  0000B1                PASS            .RS 1                       ;Assembler pass 0=1, 1=2
00131  0000B3                GLOBAL          .RS 2                       ;Last defined Global label
00132  0000B5                GLOBAL_VAL      .RS 2                       ;Last defined Global's value
00133  0000B6                LABEL_FLAG      .RS 1                       ;Found label's assigned flag 
00134  0000B8                PNTR            .RS 2                       ;Pointer in source
00135  0000B9                INDEX           .RS 1                       ;Index mode 0, X or Y
00136  0000BB                PC              .RS 2                       ;Current program counter
00137  0000BD                TA              .RS 2                       ;Current target address
00138  0000BF                TA_BEGIN        .RS 2                       ;Begin of target address block
00139  0000C1                PC_BEG          .RS 2                       ;Program counter at start of line
00140  0000C2                ASM_ERR         .RS 1                       ;Assemble errors (max 255)
00141  0000C3                UNDEF           .RS 1                       ;Undefined label if <> 0
00142  0000C4                FORWARD         .RS 1                       ;Forward referenced label if <> 0
00143  0000C5                LL_NUM          .RS 1                       ;Local label's number
00144  0000C6                FIRST_CHAR      .RS 1                       ;First character of a label
00145  
00146  0000C7                CURMNE          .RS 1                       ;Holds the current mne index
00147  0000C8                CURADM          .RS 1                       ;Holds the current addressing mode
00148  
00149  ;------------------------------------------------------------------------
00150  ; Editor's registers
00151  
00152  0000C9                CMD_CHR         .RS 1                       ;First character of command
00153  0000CA                ERROR           .RS 1                       ;Latest error
00154  0000CB                DUMP            .RS 1                       ;Dump mode in list command
00155  0000CD                PARM1           .RS 2                       ;Parameter 1
00156  0000CF                PARM2           .RS 2                       ;Parameter 2
00157  
00158  ;------------------------------------------------------------------------
00159  ; General purpose registers
00160  
00161  0000D0                NEG_FLAG        .RS 1                       ;Negative flag (if <> 0)
00162  0000D1                COUNT           .RS 1                       ;GP counter
00163  0000D2                DELIM           .RS 1                       ;String/ASCII delimiter
00164  0000D4                HEXVAL          .RS 2                       ;16-bit value of expression
00165  0000D5                LEAD0           .RS 1                       ;Leading 0 flag
00166  0000D6                CHAR            .RS 1                       ;Character compilation register
00167  0000D8                MULDIV          .RS 2                       ;Multiply/divide temp
00168  0000DA                EXP_SAVE        .RS 2                       ;Expression save value
00169  0000DC                DEC_SAVE        .RS 2                       ;Decimal convert save value
00170  0000DD                SAVE_Y          .RS 1                       ;Save Y pointer
00171  0000DF                LENG            .RS 2                       ;Length of block move
00172  0000E1                SRCE            .RS 2                       ;Source for block move
00173  0000E3                DEST            .RS 2                       ;Destination for block move
00174  0000E5                STR_PTR		.RS 2			    ;used for String function	
00175  
00176  ;------------------------------------------------------------------------
00177  ; for disassembler & getexpression
00178  
00179  0000E7                PRFLAG          .RS     2
00180  0000E8                TEMP1           .RS     1                   ;general purpose storage
00181  0000E9                TEMP2           .RS     1
00182  
00183  ;------------------------------------------------------------------------
00184  ; Registers which are best NOT to be disturbed by user's program!
00185  
00186  0000EA                OLD_SAVE        .RS     1                   ;OLD possible if <> 0
00187  0000EC                AUTO            .RS     2                   ;Next Auto line number
00188  0000ED                AUTO_INC        .RS     1                   ;Auto increment
00189  0000EE                AUTO_FLAG       .RS     1                   ;Auto mode flag (if <> -)
00190  0000F0                SYM_TABLE       .RS     2                   ;Symbol table (if MSB <> 0)
00191  0000F2                USR_OBJLO       .RS     2                   ;User's safe object begin
00192  0000F4                USR_OBJHI       .RS     2                   ;User's safe object end 
00193  0000F6                LOMEM           .RS     2                   ;Lomem address   | Don't
00194  0000F8                HIMEM           .RS     2                   ;Himem address |  change order
00195  0000FA                XEC_LAST        .RS     2                   ;Last Xec address
00196  0000FC                USERKEYDEF      .RS     2                   ;User defined @keys 
00197  0000FE                USIRQ           .RS     2                   ;User IRQ vector
00198  000100                USBRK           .RS     2                   ;User BRK vector
00199  000102                USMNI           .RS     2                   ;User NMI vector
00200  000105                USRRST          .RS     3                   ;User RESET vector + checksum
00201  
00202  
00203  ;------------------------------------------------------------------------
00204  ; Hardware mapping
00205  ;------------------------------------------------------------------------
00206              .IF LCD_ROUTINES
00207  
00208  ;------------------------------------------------------------------------
00209  ; My board settings (MYWYM = Real Hardware SBC)
00210  ;------------------------------------------------------------------------   
00211              .IF MYWYM
00212      
00213                  .IF SYMON   
00214                      .IF PROTEUS	    ; My Proteus Simulator	
00215    A000              VIA             = 	$A000       ; Proteus Schematic 
00216    AF00              ACIA            = 	$AF00       ; Proteus Schematic 
00217    A200              LCD		=	$A200
00218                      .ELSE           
00219                  .ENDIF    
00220  
00221    AF00              ADATA           = ACIA              ; 6551 Data Register
00222    AF01              ASTAT           = ADATA + 1         ; 6551 Status Register
00223    AF02              ACMND           = ADATA + 2         ; 6551 Command Register
00224    AF03              ACTRL           = ADATA + 3         ; 6551 Control Register
00225  
00226  
00227                  ; --- VIA 6522 Definitions ---
00228    A000              REGB            = VIA               
00229    A001              REGA            = REGB + 1
00230    A002              DIRB            = REGB + 2
00231    A003              DIRA            = REGB + 3
00232    A004              TICL            = REGB + 4
00233    A005              TICH            = REGB + 5
00234    A00B              ACR             = REGB + $B
00235    A00C              PCR             = REGB + $C
00236    A00D              IFR             = REGB + $D
00237    A00E              IER             = REGB + $E
00238  
00239              .ELSE
00240      
00241      
00242          
00243  
00244  
00245      
00246      
00247  00E000                            *= $e000            ;ROM location
00248          
00249  ;------------------------------------------------------------------------
00250  ; Lets get going
00251  ; Cold and Warm program entry points
00252  ;------------------------------------------------------------------------
00253  00E000  20 16 E8      COLD                JSR     INIT                ;Initialise assembler
00254  00E003  D8            WARM                CLD                         ;WARM Reboot/startup
00255  00E004  A2 FF                             LDX     #$FF                ;just in case   
00256  00E006  9A                                TXS
00257  00E007  20 91 FB                          JSR     WRCRLF              ;Print CR & LF before we do anything                
00258  00E00A  AD 01 E0                          LDA     COLD+1
00259  00E00D  48                                PHA
00260  00E00E  AD 00 E0                          LDA     COLD
00261  00E011  48                                PHA
00262  00E012  64 ED                             STZ     AUTO_FLAG           ;Clear auto flag
00263  
00264  
00265  ;------------------------------------------------------------------------
00266  ; Get input line (main program loop)
00267  ;------------------------------------------------------------------------
00268  00E014  A2 00         GETLINE             LDX     #$00                ;Get input line (main program loop)
00269                                                  ;reset buffer index
00270  00E016  A9 2E                             LDA     #PROMPT             ;Print the assembler prompt
00271  00E018  20 98 FB                          JSR     WRCHAR      
00272  00E01B  20 98 EA                          JSR     AUTONUM             ;Generate line number if auto=on
00273  00E01E  20 F1 FB      .IN                 JSR     RDCHAR              ;Was a key pressed?
00274  00E021  C9 1B         .found              CMP     #ESC                ;Is it the ESC key?
00275  00E023  F0 23                             BEQ     .ESC                ;Nope!
00276  00E025  C9 08                             CMP     #BS                 ;Back space key then?
00277  00E027  F0 26                             BEQ     .BS
00278  00E029  C9 09                             CMP     #TAB                ;Is it the TAB character?
00279  00E02B  F0 2B                             BEQ     .TABS 
00280  00E02D  C9 0D                             CMP     #CR                 ;Is it a CR then?
00281  00E02F  F0 45                             BEQ     .CR                 ;Yes!                
00282  00E031  C9 3A                             CMP     #':'                ;INTEL Hex loader
00283  00E033  D0 05                             BNE     .LF                 ;nope then skip
00284  00E035  20 27 E1                          JSR     CMD_INTELHEX
00285  00E038  80 DA                             BRA     GETLINE          
00286  00E03A  C9 0A         .LF                 CMP     #LF                 ;Is it a CR then?
00287  00E03C  F0 E0                             BEQ     .IN                 ;Strip LF useful for pasting code                                
00288  00E03E  95 19                             STA     IN,X                ;Save new character in input buffer
00289  00E040  20 98 FB                          JSR     WRCHAR              ; and display it
00290  00E043  E8                                INX
00291  00E044  10 D8                             BPL     .IN                 ;Get next character unless its 128 characters
00292  00E046  80 02                             BRA     .CANCEL             ;Always taken! Too many chars.
00293  00E048  64 ED         .ESC                STZ     AUTO_FLAG           ;Clear auto flag and therefore OFF
00294          
00295              
00296  ;       .IF MYWYM
00297  ;       .IF SYMON   
00298  ;           JSR     RDCHAR          ;get the unwanted arrow keys    
00299  ;           
00300  ;       .ELSE           
00301  ;           ;JSR     RDCHAR                                 
00302  ;           ;JSR     RDCHAR  
00303  ;       .ENDIF          
00304  ;       .ENDIF  
00305          
00306  00E04A  20 91 FB      .CANCEL             JSR     WRCRLF              ;Print CRLF
00307  00E04D  80 C5                             BRA     GETLINE             ;Always taken! Restart line
00308  
00309  00E04F  20 98 FB      .BS                 JSR     WRCHAR              ;Process Back SPACE   
00310  00E052  CA                                DEX                         ;Decrement input pointer
00311  00E053  10 C9                             BPL     .IN                 ;Still positive!
00312  00E055  E8                                INX                         ;Don't allow it to go negative
00313  00E056  80 C6                             BRA     .IN                 ;Always taken!
00314  
00315  00E058  A0 00         .TABS               LDY     #0                  ;Point to 1st tab stop
00316  00E05A  B9 9E E0      .TABS_NEXT          LDA     TABS,Y              ;It X smaller than this one?
00317  00E05D  85 D0                             STA     COUNT
00318  00E05F  A9 20                             LDA     #SP                 ;replace with SPACE probably dont need this
00319  00E061  E4 D0                             CPX     COUNT
00320  00E063  90 05                             BCC     .DOTAB              ;Yes! Tab to this position
00321  00E065  C8                                INY 
00322  00E066  C0 04                             CPY     #NUMTABS            ;Maximum number of tab stops
00323  00E068  90 F0                             BCC     .TABS_NEXT          ;Try next!
00324  
00325  00E06A  95 19         .DOTAB              STA     IN,X                ;Save this character
00326  00E06C  E8                                INX
00327  00E06D  20 98 FB                          JSR     WRCHAR              ; and WRCHAR it
00328  00E070  E4 D0                             CPX     COUNT               ;At tab stop?
00329  00E072  90 F6                             BCC     .DOTAB              ;Not yet!
00330  00E074  80 A8                             BRA     .IN                 ;Always taken!
00331      
00332  00E076  95 19         .CR                 STA     IN,X                ;Mark end of line now with CR
00333  00E078  20 3D FC                          JSR     UPPERCASE           ;convert to upper case
00334  00E07B  20 91 FB                          JSR     WRCRLF              ;CR new line    
00335  00E07E  20 08 E8                          JSR     FIRSTNONSPC         ;Find first non space
00336  00E081  F0 91                             BEQ     GETLINE             ;End of line reached!
00337  
00338  00E083  C9 30                             CMP     #'0'                ;Is it a line number?
00339  00E085  90 04                             BCC     .NOLINE             ;No!
00340  00E087  C9 3A                             CMP     #'9'+1
00341  00E089  90 0D                             BCC     .LINENUM            ;It is! Add it to the program
00342  00E08B  20 A2 E0      .NOLINE             JSR     KEYDEF              ;Parse command, or line number
00343  00E08E  A5 C9         .CHK_ERROR          LDA     ERROR               ;Was there an error?
00344  00E090  F0 03                             BEQ     .GETLINE            ;Nope!
00345  00E092  20 EC E6                          JSR     PRINT_MSGS          ;Print error
00346  00E095  4C 14 E0      .GETLINE            JMP     GETLINE             ;Stay in main program loop
00347  
00348  00E098  20 17 EF      .LINENUM            JSR     ADDLINE             ;Add line to program
00349  00E09B  4C 8E E0                          JMP     .CHK_ERROR          ;Check if an error occurred
00350  
00351  TABS            .BYTE     TAB1                  ;1st tab stop
00352                  .BYTE     TAB2                  ;2nd tab stop
00353                  .BYTE     TAB3 
00354                  .BYTE     TAB4                  ;3rd tab stop
00355    0004              NUMTABS         =     4                         ;Number of tab stops
00356  
00357  
00358  ;------------------------------------------------------------------------
00359  ; Parse command line 
00360  ; IN: AC holds the command character
00361  ;------------------------------------------------------------------------
00362  00E0A2  A0 00         KEYDEF              LDY     #0                  ;Find command in table
00363  00E0A4  84 C9                             STY     ERROR               ;Clear error        
00364  00E0A6  85 C8                             STA     CMD_CHR
00365  00E0A8  B9 CE E0      .LOOP               LDA     .TABLE,Y    
00366  00E0AB  F0 1C                             BEQ     .SYNERR             ;End of table! Syntax errorv 
00367  00E0AD  C5 C8                             CMP     CMD_CHR             ;Is it this command
00368  00E0AF  F0 03                             BEQ     .FOUND              ;Found our command!
00369  00E0B1  C8                                INY                         ;Next command from table
00370  00E0B2  80 F4                             BRA     .LOOP               ;Always taken!
00371  00E0B4  20 0D EF      .FOUND              JSR     IN_BLANK            ;Get next and see if it's blank
00372  00E0B7  D0 FB                             BNE     .FOUND              ;A CR would have been too! Sets up X                    
00373  00E0B9  98                                TYA                         ;Point to command handler's
00374  00E0BA  0A                                ASL                         ; address in table                
00375  00E0BB  A8                                TAY                   
00376  00E0BC  B9 E9 E0                          LDA     FUNCTIONS+1,Y       ; Get the address and use it MSB first
00377  00E0BF  48                                PHA                         ; as return address                
00378  00E0C0  B9 E8 E0                          LDA     FUNCTIONS,Y
00379  00E0C3  48                                PHA
00380  00E0C4  A0 00                             LDY     #0                  ;Some commands may benefit from this
00381  00E0C6  4C 0A E8                          JMP     NNONSPC             ;Find next non space and exec cmd XR points to IN.X                 
00382  00E0C9  A9 08         .SYNERR             LDA     #ERR_SYN            ;Exit with syntax error
00383  00E0CB  85 C9                             STA     ERROR
00384  00E0CD  60                                RTS
00385  
00386  
00387  ;------------------------------------------------------------------------
00388  ; Table of keyboard commands
00389  ; 
00390  ;------------------------------------------------------------------------
00391  .TABLE              .BYTE       'A'             ;Auto line numbering
00392                      .BYTE       'B'             ;Break command
00393                      .BYTE       'C'             ;Copy command
00394                      .BYTE       'D'             ;Dissassembler
00395                      .BYTE       'E'             ;Erase command
00396                      .BYTE       'F'             ;Fill Command - future
00397                      .BYTE       'G'             ;GO command - future
00398                      .BYTE       'H'             ;Hunt Command - future
00399                      .BYTE       '?'             ;Help command
00400                      .BYTE       'I'             ;ASCII Dump 
00401                      .BYTE       'L'             ;List command
00402                      .BYTE       'M'             ;Memory command
00403                      .BYTE       'N'             ;New command
00404                      .BYTE       'O'             ;Old command
00405                      .BYTE       'R'             ;Renumber command
00406                      .BYTE       'S'             ;Start assembling
00407                      .BYTE       'T'             ;Trace code
00408                      .BYTE       'V'             ;Value command
00409                      .BYTE       'W'             ;Display registers                  
00410                      .BYTE       'Y'             ;memory configuraion
00411                      .BYTE       'Z'             ;Clear Screen
00412                      .BYTE       $13             ;[CNTL-S]  - clean code
00413                      .BYTE       'J'             ;Edit Memory
00414                      .BYTE       "K"             ;Watch register      
00415                      .BYTE       '@'             ;User commands  
00416  CMD_BRK             .BYTE       0               ;End of table & BRK
00417  
00418  
00419  ;------------------------------------------------------------------------
00420  ; Table of commands
00421  ;   RTS will a +1 to the address
00422  ;------------------------------------------------------------------------
00423  FUNCTIONS           .WORD   CMD_AUT-1           ;Auto line numbering
00424                      .WORD   CMD_BRK-1           ;Break command
00425                      .WORD   CMD_COP-1           ;Copy command
00426                      .WORD   CMD_DISSASSEMBLER-1 ;Dissassembler
00427                      .WORD   CMD_ERASE-1         ;Erase command                  
00428                      .WORD   CMD_FILL-1          ;Fill memory
00429                      .WORD   CMD_XEC-1           ;eXecute command
00430                      .WORD   CMD_HUNT-1          ;hunt command
00431                      .WORD   CMD_HLP-1           ;Help command
00432                      .WORD   CMD_ASCIIDUMP-1     ;ASCII DUMP
00433                      .WORD   CMD_LST-1           ;List command                
00434                      .WORD   CMD_MEMORY_DUMP-1   ;Memory command
00435                      .WORD   CMD_NEW-1           ;New command
00436                      .WORD   CMD_OLD-1           ;Old command
00437                      .WORD   CMD_REN-1           ;Renumber command
00438                      .WORD   CMD_ASM-1           ;Start assembling
00439                      .WORD   CMD_TRACE-1         ;Trace Code
00440                      .WORD   CMD_VAL-1           ;Value command 
00441                      .WORD   CMD_SHOWREG-1       ;Display registers                  
00442                      .WORD   CMD_MEM-1           ;Memory command 
00443                      .WORD   CLS-1               ;Clrscreen command  
00444                      .WORD   CMD_CLEAN_CODE-1    ;Clean up the Code
00445                      .WORD   CMD_EDIT_MEMORY-1   ;edit memory
00446                      .WORD   CMD_WATCH-1         ;add whatch to Tracer
00447                      .WORD   CMD_USERKEYS-1      ;Allows users to add more keys after @
00448  
00449  ;----------------------------------------------------------------------------------------
00450  ; Allows users to add more keys after @
00451  ;----------------------------------------------------------------------------------------
00452  
00453  00E11A  6C FA 00      CMD_USERKEYS        JMP    (USERKEYDEF) 
00454  
00455  ;----------------------------------------------------------------------------------------
00456  ; cancel in the Assembler editor
00457  ;----------------------------------------------------------------------------------------
00458  00E11D  64 ED         CMD_ESC             STZ     AUTO_FLAG           ;Clear auto flag and therefore OFF
00459  00E11F  A9 07         .CANCEL             LDA     #BELL               ;play bell
00460  00E121  20 98 FB                          JSR     WRCHAR
00461  00E124  4C 91 FB                          JMP     WRCRLF              ;Print CRLF
00462  
00463  
00464  ;----------------------------------------------------------------------------------------
00465  ;Intel HEX loader
00466  ;----------------------------------------------------------------------------------------
00467          
00468          .INCLUDE    "INTELHEX.65s"
00469  ; LIBRARY FILE
00470  ; version 2.20
00471  ; two pass symbolic assembler, dissembler and tracer
00472  ; REGB bits 0-3 are connected to LED's
00473  ; tested in Michael Kowalski 6502 Simulator - using 65C02 Code 
00474  ; Programmed by Joe DiMeglio
00475  ; https://github.com/jdimeglio/6502-Monitor
00476  ; bug fixes
00477          
00478  
00479  ;----------------------------------------------------------------------------------------
00480  ;Intel HEX loader
00481  ;----------------------------------------------------------------------------------------
00482    00DD              CHECKSUM    =   LENG        
00483  
00484  00E127  78            CMD_INTELHEX        SEI                         ;stop Interrupts            
00485  00E128  D8                                CLD                         ;binary mode additons           
00486  00E129  64 D8                             STZ     EXP_SAVE            ;temp           
00487  00E12B  64 DA                             STZ     DEC_SAVE            ;Bytes count
00488  00E12D  64 DB                             STZ     DEC_SAVE+1                      
00489  00E12F  64 DD                             STZ     CHECKSUM            ;checksum   
00490  00E131  A9 0D                             LDA     #CR         
00491  00E133  8D 00 AF                          STA     ACIA                ;dont wait on port status           
00492  00E136  A9 0A                             LDA     #LF         
00493  00E138  8D 00 AF                          STA     ACIA                ;dont wait on port status                                   
00494  00E13B  80 34                             BRA     CONTINUE                                
00495                  
00496  00E13D  20 F1 FB      NEXTRECORD          JSR     RDCHAR
00497  00E140  C9 0D                             CMP     #CR             
00498  00E142  D0 0E                             BNE     PROTOCOLERROR               
00499  00E144  20 F1 FB                          JSR     RDCHAR              ;CRLF and end of line (BUG there's a CHECKSUM)              
00500  00E147  C9 0A                             CMP     #LF             
00501  00E149  D0 07                             BNE     PROTOCOLERROR               
00502  00E14B  20 F1 FB                          JSR     RDCHAR              
00503  00E14E  C9 3A                             CMP     #':'                
00504  00E150  F0 1F                             BEQ     CONTINUE                
00505                  
00506  00E152  20 98 FB      PROTOCOLERROR       JSR     WRCHAR
00507  00E155  20 ED FA                          JSR     STRING              
00508                  .ASCII    BELL,CR,LF," :PROTOCOL ERROR",CR,LF,EOS
00509  00E16E  4C 7D E2                          JMP     TERMINATE               
00510  
00511  00E171  20 85 E2      CONTINUE            JSR     READ_DATA           ;read rcord length with checksum add
00512  00E174  85 D0                             STA     COUNT               ;load the amount of bytes to load into memory               
00513  00E176  20 85 E2                          JSR     READ_DATA           ;read hgh byte of memory location                           
00514  00E179  85 E0                             STA     SRCE+1              ;store hgh byte of memory location                              
00515  00E17B  20 85 E2                          JSR     READ_DATA           ;read low byte with checksum add                            
00516  00E17E  85 DF                             STA     SRCE                ;store                                          
00517  00E180  20 85 E2                          JSR     READ_DATA           ;get record type 01 = end               
00518                      ;CMP     #$00               ;check if 00 if yes then type #00               
00519  00E183  F0 2E                             BEQ     .DATARECORD         ;get the data frame                             
00520  00E185  C9 01                             CMP     #$01                ;is it type #01 ie: end of record               
00521  00E187  D0 03                             BNE     .INVREC             ;else invalid               
00522  00E189  4C 2D E2                          JMP     .END_RECORD             
00523  
00524  00E18C  20 ED FA      .INVREC             JSR     STRING
00525                  .ASCII    BELL,CR,LF," :INVALID RECORD TYPE",CR,LF,EOS
00526  00E1AA  4C 7D E2                          JMP     TERMINATE
00527  
00528              .IF MYWYM
00529  .LEDS           .BYTE   1                       ;quicker than a shift
00530                  .BYTE   2                       ;knight rider lights
00531                  .BYTE   4
00532                  .BYTE   8
00533                  .BYTE   4
00534                  .BYTE   2
00535              .ENDIF              
00536  
00537  00E1B3  A6 D0         .DATARECORD         LDX     COUNT               ;DATASIZE
00538  00E1B5  A0 00                             LDY     #$00                
00539  00E1B7  20 85 E2      .NEXT_BYTE          JSR     READ_DATA           ;read two hex characters
00540  00E1BA  91 DF                             STA     (SRCE),y            ;store in RAM               
00541  00E1BC  D1 DF                             CMP     (SRCE),y            ;did it actually store          
00542  00E1BE  D0 20                             BNE     .WRITEERROR         ;no then error - probably no ram there              
00543  00E1C0  A9 23                             LDA     #'#'                ;write fast         
00544  00E1C2  8D 00 AF                          STA     ACIA                ;dont wait on port status                           
00545  00E1C5  C8                                INY                         ;next address               
00546  00E1C6  CA                                DEX                         ;next byte to recieve               
00547                      ;CPX     #$00               ;all bytes recieved?                
00548  00E1C7  D0 EE                             BNE     .NEXT_BYTE          ;no then get next record                
00549  00E1C9  20 85 E2                          JSR     READ_DATA           ;get checksum           
00550  
00551              .IF MYWYM                           
00552  00E1CC  A6 D8                             LDX     EXP_SAVE            ;which LED to turn on               
00553  00E1CE  BC AD E1                          LDY     .LEDS,x                     
00554  00E1D1  8C 00 A0                          STY     VIA             
00555  00E1D4  E8                                INX             
00556  00E1D5  86 D8                             STX     EXP_SAVE                
00557  00E1D7  E0 06                             CPX     #$06                
00558  00E1D9  D0 02                             BNE     .LEDCNT             
00559  00E1DB  64 D8                             STZ     EXP_SAVE            ;leds shifting counter restart              
00560              .ENDiF  
00561  00E1DD  4C 3D E1      .LEDCNT             JMP    NEXTRECORD
00562  
00563  00E1E0  20 ED FA      .WRITEERROR         JSR     STRING
00564                  .ASCII   BELL,CR,LF
00565                  .ASCII   " :CANNOT WRITE AT ADDRESS $",EOS
00566  
00567  00E202  A5 E0                             LDA     SRCE+1              
00568  00E204  20 C1 FB                          JSR     WR2HEX              
00569  00E207  A5 DF                             LDA     SRCE                
00570  00E209  20 C1 FB                          JSR     WR2HEX              
00571  00E20C  20 91 FB                          JSR     WRCRLF                                  
00572  00E20F  80 6C                             BRA     TERMINATE   
00573  
00574  00E211  20 ED FA      .CHECKSUMERR        JSR     STRING
00575                  .ASCII    BELL,LF,CR," :CHECK SUM ERROR",LF,CR,EOS
00576  00E22B  80 50                             BRA     TERMINATE               
00577                  
00578  00E22D  20 01 FC      .END_RECORD         JSR     RD2HEX              ;last two byes the CheckSUM
00579  00E230  18                                CLC         
00580  00E231  65 DD                             ADC     CHECKSUM            
00581  00E233  D0 DC                             BNE     .CHECKSUMERR                
00582  00E235  20 ED FA                          JSR     STRING
00583                  .ASCII  BELL,CR,LF              
00584                  .ASCII   " :INTEL-HEX SUCCESSFUL",EOS
00585  00E252  20 ED FA                          JSR     STRING                          
00586                  .ASCII   CR,LF
00587                  .ASCII   " :TOTAL BYTES WRITTEN ",EOS
00588  00E26E  A4 DA                             LDY     DEC_SAVE
00589  00E270  A5 DB                             LDA     DEC_SAVE+1
00590  00E272  20 11 EA                          JSR     WRDECI                          
00591              
00592              .IF MYWYM                               
00593  00E275  A9 09                             LDA     #%00001001          ;set lights             
00594  00E277  8D 00 A0                          STA     REGB
00595              .ENDIF              
00596  00E27A  58                                CLI             
00597  00E27B  18                                CLC             
00598  00E27C  60                                RTS                         ;return to caller
00599                      
00600  TERMINATE  
00601              .IF MYWYM   
00602  00E27D  A9 0F                             LDA     #%00001111          ;LEDS arrange in the
00603  00E27F  8D 00 A0                          STA     REGB                ;mode means an error                                
00604              .ENDIF              
00605  00E282  38                                SEC             
00606  00E283  58                                CLI             
00607  00E284  60                                RTS                         ;return to caller
00608                  
00609  ;---------------------------------------------------------------------------------
00610  00E285  20 01 FC      READ_DATA           JSR     RD2HEX               ;read two hex characters & checksum
00611                      ;bcs     ERRS
00612  00E288  48                                PHA             
00613  00E289  18                                CLC             
00614  00E28A  65 DD                             ADC     CHECKSUM             ;add to checksum
00615  00E28C  85 DD                             STA     CHECKSUM                                
00616  00E28E  18                                CLC
00617  00E28F  A5 DA                             LDA     DEC_SAVE
00618  00E291  69 01                             ADC     #01
00619  00E293  85 DA                             STA     DEC_SAVE
00620  00E295  A5 DB                             LDA     DEC_SAVE+1          ;add the carry  
00621  00E297  69 00                             ADC     #00
00622  00E299  85 DB                             STA     DEC_SAVE+1
00623  00E29B  68                                PLA             
00624  00E29C  60                                RTS
00625                  
00626  ;ERRS           tsx                             ;remove the last RTS from stack
00627  ;               inx
00628  ;               inx
00629  ;               txs
00630  ;               jsr     STRING     ;read error from RS232
00631  ;               .ASCIS   BELL,CR,LF," :READ ERROR FROM ACIA",CR,LF,EOS
00632  ;               BRA     TERMINATE
00633                                      
00634                                      
00635  
00636  ;------------------------------------------------------------------------   
00637  ;Bump Address by AC ie: SRCE variable add it by AC
00638  ;------------------------------------------------------------------------   
00639  00E29D  18            BUMPSRCE            CLC
00640  00E29E  65 DF                             ADC     SRCE 
00641  00E2A0  85 DF                             STA     SRCE  
00642  00E2A2  90 02                             BCC     .BUMPSRCE                                                       
00643  00E2A4  E6 E0                             INC     SRCE+1                      
00644  00E2A6  60            .BUMPSRCE           RTS             
00645  
00646  
00647  ;------------------------------------------------------------------------   
00648  ;Instruction display - orginal code seems to come from MOS
00649  ;------------------------------------------------------------------------   
00650  ;------------------------------------------------------------------------   
00651  ;Instruction display - orginal code seems to come from MOS
00652  ;------------------------------------------------------------------------   
00653  00E2A7  A8            INSTDSP             TAY                         ;Save op code
00654  00E2A8  4A                                LSR                         ;* Even/odd test
00655  00E2A9  90 05                             BCC     .IEVEN
00656  00E2AB  6A                                ROR                         ;* Test B1
00657  00E2AC  B0 11                             BCS     .ERR                ;XXXXXX11 instr invalid
00658  00E2AE  29 87                             AND     #$87                ;Mask 3 bits for address mode
00659  00E2B0  4A            .IEVEN              LSR                         ;* LSB into carry for
00660  00E2B1  AA                                TAX                         ;Left/right test below
00661  00E2B2  BD 37 F8                          LDA     MODE,X              ;Index into address mode table
00662  00E2B5  90 04                             BCC     .RTMODE             ;If carry set use LSD for
00663  00E2B7  4A                                LSR                         ;* print format index
00664  00E2B8  4A                                LSR         
00665  00E2B9  4A                                LSR                         ;If carry clear use MSD
00666  00E2BA  4A                                LSR   
00667  00E2BB  29 0F         .RTMODE             AND     #$0F                ;Mask for 4-bit index
00668  00E2BD  D0 04                             BNE     .GETFMT             ;$0 for invalid opcodes
00669  00E2BF  A0 FC         .ERR                LDY     #$FC                ;Substitute $FC for invalid op,
00670  00E2C1  A9 00                             LDA     #$00                ;set print format index to 0
00671  00E2C3  AA            .GETFMT             TAX   
00672  00E2C4  BD 7B F8                          LDA     MODE2,X             ;Index into print format table
00673  00E2C7  85 DC                             STA     SAVE_Y              ;Save for address field format
00674  00E2C9  29 03                             AND     #$03                ;Mask 2-bit length.  0=1-byte
00675  00E2CB  85 DD                             STA     LENG                ;* 1=2-byte, 2=3 byte
00676  00E2CD  98                                TYA                         ;* op code
00677  00E2CE  20 C9 F6                          JSR     GETMNE              ;Lookup the mnemonic
00678  00E2D1  A0 00                             LDY     #$00
00679  00E2D3  48                                PHA                         ;Save mnemonic table index
00680  00E2D4  B1 DF         .PROP               LDA     (SRCE),Y
00681  00E2D6  20 C1 FB                          JSR     WR2HEX
00682  00E2D9  A2 01                             LDX     #$01
00683  00E2DB  20 A9 FB      .PROPBL             JSR     WRBL2
00684  00E2DE  C4 DD                             CPY     LENG                ;Print instr (1 to 3 bytes)
00685  00E2E0  C8                                INY                         ;* in a 12-character field
00686  00E2E1  90 F1                             BCC     .PROP
00687  00E2E3  A2 03                             LDX     #$03                ;char count for mnemonic print
00688  00E2E5  86 E5                             STX     PRFLAG              ;So EXPMNE prints the mnemonic
00689  00E2E7  C0 04                             CPY     #$04
00690  00E2E9  90 F0                             BCC     .PROPBL
00691  00E2EB  68                                PLA                         ;Recover mnemonic index
00692  00E2EC  AA                                TAX
00693  00E2ED  20 2B E4                          JSR     EXPMNE              ;Expand the Memonic
00694  00E2F0  20 A7 FB                          JSR     WRBLNK              ;Output 3 blanks
00695                      
00696  00E2F3  A4 DD                             LDY     LENG                ; Load the instruction length
00697  00E2F5  A2 06                             LDX     #$06                ; We will check up to 6 formatting bits (from SAVE_Y)
00698  00E2F7  E0 03         .PPADR1             CPX     #$03        
00699  00E2F9  D0 09                             BNE     .PPADR2             ; When X is not 3, proceed to formatting chars
00700                      
00701                      ; --- NEW LABEL INTERCEPTOR ---
00702  00E2FB  20 1C E3                          JSR     PRINT_OP_OR_LABEL   ; Print the Label (if found) or raw Hex Operand
00703  00E2FE  A5 DC                             LDA     SAVE_Y              
00704  00E300  C9 E8                             CMP     #$E8                ; Was it a Relative Branch?
00705  00E302  B0 15                             BCS     .EXIT_DSP           ; If so, exit immediately (mimics original 6502 formatting behavior)
00706                      
00707  00E304  06 DC         .PPADR2             ASL     SAVE_Y              ; Shift the format byte left
00708  00E306  90 0E                             BCC     .PPADR3             ; If Carry is clear, don't print a character here
00709  00E308  BD 8E F8                          LDA     CHAR1-1,X           ; Fetch the corresponding formatting character (e.g., '(' or '#')
00710  00E30B  20 98 FB                          JSR     WRCHAR              ; Print the formatting character
00711  00E30E  BD 88 F8                          LDA     CHAR2-1,X           ; Check if there is a second formatting character (e.g., 'X' or 'Y')
00712  00E311  F0 03                             BEQ     .PPADR3             ; If it's $00, skip it
00713  00E313  20 98 FB                          JSR     WRCHAR              ; Print the second formatting character
00714  00E316  CA            .PPADR3             DEX                         ; Decrement format bit counter
00715  00E317  D0 DE                             BNE     .PPADR1             ; Loop until all format bits are processed
00716  00E319  86 E5         .EXIT_DSP           STX     PRFLAG              ; Reset print flag to 0
00717  00E31B  60                                RTS                         ; Return (Instruction fully printed!)
00718  
00719  ; =======================================================================
00720  ; PRINT OPERAND OR LABEL
00721  ; Calculates the 16-bit target address, searches the Symbol Table, and 
00722  ; prints the Label if found. Otherwise, falls back to raw Hex bytes.
00723  ; =======================================================================
00724  00E31C  DA            PRINT_OP_OR_LABEL   PHX                         ; Preserve format counter (X=3)
00725                      
00726  00E31D  A4 DD                             LDY     LENG
00727  00E31F  F0 36                             BEQ     .EXIT_NO_OP         ; BUG FIX: 1-byte instructions have no operand! Bail out immediately.
00728                      
00729  00E321  A5 DC                             LDA     SAVE_Y
00730  00E323  C9 21                             CMP     #$21                ; Is it Immediate mode? (#$xx)
00731  00E325  F0 32                             BEQ     .PRINT_HEX          ; Do not substitute labels for immediate values!
00732                      
00733  00E327  C9 E8                             CMP     #$E8                ; Is it Relative mode? (BNE, BEQ, BRA)
00734  00E329  B0 14                             BCS     .CALC_REL
00735                      
00736                      ; --- Extract Normal Address (Absolute / Zero Page) ---
00737  00E32B  A0 01                             LDY     #$01
00738  00E32D  B1 DF                             LDA     (SRCE),Y            ; Get Low byte
00739  00E32F  85 D2                             STA     HEXVAL              ; Use HEXVAL as safe temporary storage
00740  00E331  64 D3                             STZ     HEXVAL+1            ; Default High byte to 00 (Zero Page)
00741                      
00742  00E333  A4 DD                             LDY     LENG
00743  00E335  C0 02                             CPY     #$02                ; Is it a 2-byte operand? (Absolute)
00744  00E337  D0 16                             BNE     .LOOKUP
00745  00E339  B1 DF                             LDA     (SRCE),Y            ; Get High byte
00746  00E33B  85 D3                             STA     HEXVAL+1
00747  00E33D  80 10                             BRA     .LOOKUP
00748  
00749  .CALC_REL           ; --- Calculate Relative Address ---
00750  00E33F  A4 DD                             LDY     LENG                ; Fetch relative offset byte
00751  00E341  B1 DF                             LDA     (SRCE),Y
00752  00E343  20 1F E4                          JSR     PCADJ3              ; A = Low, Y = High (Uses existing PC Math)
00753  00E346  AA                                TAX                         ; Move Low to X
00754  00E347  E8                                INX                         ; Adjust +1 for exact branch target
00755  00E348  D0 01                             BNE     .REL_NO_CARRY
00756  00E34A  C8                                INY                         ; Handle page cross
00757  00E34B  86 D2         .REL_NO_CARRY       STX     HEXVAL              ; Save Target Low
00758  00E34D  84 D3                             STY     HEXVAL+1            ; Save Target High
00759  
00760  .LOOKUP             ; --- Search Symbol Table ---
00761  00E34F  20 77 E3                          JSR     SEARCH_SYMBOL_TABLE
00762  00E352  B0 05                             BCS     .PRINT_HEX          ; Carry Set = Not Found in Symbol Table
00763  
00764                      ; --- Found! Print Label String ---
00765  00E354  20 D9 E3                          JSR     PRINT_LABEL_STRING
00766  00E357  FA            .EXIT_NO_OP         PLX                         ; Restore format counter
00767  00E358  60                                RTS                         ; Return to INSTDSP
00768  
00769  .PRINT_HEX          ; --- Fallback: Print Raw Hex ---
00770  00E359  A5 DC                             LDA     SAVE_Y
00771  00E35B  C9 E8                             CMP     #$E8                ; Was it Relative?
00772  00E35D  B0 0C                             BCS     .HEX_REL
00773                      
00774                      ; Normal Hex Print (High byte then Low byte)
00775  00E35F  A4 DD                             LDY     LENG
00776  00E361  B1 DF         .HEX_LOOP           LDA     (SRCE),Y
00777  00E363  20 C1 FB                          JSR     WR2HEX
00778  00E366  88                                DEY
00779  00E367  D0 F8                             BNE     .HEX_LOOP           ; Safe loop: LENG is guaranteed > 0 by the BEQ at the top
00780  00E369  FA                                PLX                         ; Restore format counter
00781  00E36A  60                                RTS
00782                      
00783  .HEX_REL            ; Print Relative Hex Target (High then Low)
00784  00E36B  A5 D3                             LDA     HEXVAL+1
00785  00E36D  20 C1 FB                          JSR     WR2HEX
00786  00E370  A5 D2                             LDA     HEXVAL
00787  00E372  20 C1 FB                          JSR     WR2HEX
00788  00E375  FA                                PLX                         ; Restore format counter
00789  00E376  60                                RTS
00790  
00791  ; =======================================================================
00792  ; SEARCH_SYMBOL_TABLE
00793  ; Scans SYM_TABLE for an address matching HEXVAL (Reverse Lookup).
00794  ; Dynamically tracks Global Label base addresses to resolve Local Label
00795  ; offsets. Record length is determined by scanning for the $FF terminator.
00796  ; Returns: Carry CLEAR if found (DEST points to symbol), Carry SET if not.
00797  ; =======================================================================
00798  00E377  A5 EE         SEARCH_SYMBOL_TABLE LDA     SYM_TABLE
00799  00E379  85 E1                             STA     DEST
00800  00E37B  A5 EF                             LDA     SYM_TABLE+1
00801  00E37D  85 E2                             STA     DEST+1
00802  00E37F  05 EE                             ORA     SYM_TABLE           ; If table pointer is 0000, no symbols exist
00803  00E381  F0 54                             BEQ     .NOT_FOUND
00804  00E383  64 E8                             STZ     TEMP2               ; Init running Global Base Low
00805  00E385  64 E9                             STZ     TEMP2+1             ; Init running Global Base High
00806  
00807  00E387  A0 00         .NEXT_SYM           LDY     #$00
00808  00E389  B1 E1                             LDA     (DEST),Y            
00809  00E38B  F0 4A                             BEQ     .NOT_FOUND          ; $00 marker = End of symbol table!
00810  
00811                      ; --- Find record length by scanning for $FF ---
00812  00E38D  B1 E1         .FIND_LEN           LDA     (DEST),Y
00813  00E38F  C8                                INY
00814  00E390  C9 FF                             CMP     #$FF
00815  00E392  D0 F9                             BNE     .FIND_LEN
00816                      
00817  00E394  98                                TYA                         ; Save record length in X
00818  00E395  AA                                TAX                         
00819                      
00820  00E396  E0 05                             CPX     #$05                ; Is length < 5? 
00821  00E398  90 1C                             BCC     .CHK_LOCAL          ; If yes, it's a 3-byte Local Label!
00822  
00823  .CHK_GLOBAL         ; --- Process Global Label ---
00824  00E39A  A0 01                             LDY     #$01
00825  00E39C  B1 E1                             LDA     (DEST),Y            ; Fetch Global Address Low
00826  00E39E  85 E8                             STA     TEMP2               ; Update running Global Base Low
00827  00E3A0  C5 D2                             CMP     HEXVAL
00828  00E3A2  D0 0B                             BNE     .UP_GLOB_HI
00829                      
00830  00E3A4  C8                                INY
00831  00E3A5  B1 E1                             LDA     (DEST),Y            ; Fetch Global Address High
00832  00E3A7  85 E9                             STA     TEMP2+1             ; Update running Global Base High
00833  00E3A9  C5 D3                             CMP     HEXVAL+1
00834  00E3AB  F0 28                             BEQ     .FOUND              ; Exact 16-bit Match!
00835  00E3AD  80 1A                             BRA     .ADVANCE
00836  
00837  00E3AF  C8            .UP_GLOB_HI         INY                         ; We must keep the High byte updated 
00838  00E3B0  B1 E1                             LDA     (DEST),Y            ; for subsequent local label calculations
00839  00E3B2  85 E9                             STA     TEMP2+1
00840  00E3B4  80 13                             BRA     .ADVANCE
00841  
00842  .CHK_LOCAL          ; --- Process Local Label ---
00843  00E3B6  A0 01                             LDY     #$01
00844  00E3B8  B1 E1                             LDA     (DEST),Y            ; Fetch Local Offset byte
00845  00E3BA  18                                CLC
00846  00E3BB  65 E8                             ADC     TEMP2               ; Add to Global Base Low
00847  00E3BD  C5 D2                             CMP     HEXVAL
00848  00E3BF  D0 08                             BNE     .ADVANCE
00849                      
00850  00E3C1  A5 E9                             LDA     TEMP2+1             
00851  00E3C3  69 00                             ADC     #$00                ; Add Carry to Global Base High
00852  00E3C5  C5 D3                             CMP     HEXVAL+1
00853  00E3C7  F0 0C                             BEQ     .FOUND              ; Exact 16-bit Match!
00854  
00855  .ADVANCE            ; --- Move DEST to the next record ---
00856  00E3C9  8A                                TXA                         ; Restore record length from X
00857  00E3CA  18                                CLC
00858  00E3CB  65 E1                             ADC     DEST
00859  00E3CD  85 E1                             STA     DEST
00860  00E3CF  90 B6                             BCC     .NEXT_SYM
00861  00E3D1  E6 E2                             INC     DEST+1
00862  00E3D3  80 B2                             BRA     .NEXT_SYM
00863  
00864  00E3D5  18            .FOUND              CLC                         ; Success
00865  00E3D6  60                                RTS
00866  00E3D7  38            .NOT_FOUND          SEC                         ; Failure
00867  00E3D8  60                                RTS
00868  
00869  ; =======================================================================
00870  ; PRINT_LABEL_STRING
00871  ; Prints the label name. If Global, fetches the source code text pointer.
00872  ; If Local, manually formats and prints the '.' prefix and binary ID.
00873  ; =======================================================================
00874  00E3D9  E0 05         PRINT_LABEL_STRING  CPX     #$05                ; X holds the record length from the search loop
00875  00E3DB  90 26                             BCC     .PRT_LOCAL          ; If < 5, it is a Local Label
00876  
00877  00E3DD  A0 03         .PRT_GLOBAL         LDY     #$03
00878  00E3DF  B1 E1                             LDA     (DEST),Y            ; Fetch Source Code Pointer Low
00879  00E3E1  85 E7                             STA     TEMP1           
00880  00E3E3  C8                                INY
00881  00E3E4  B1 E1                             LDA     (DEST),Y            ; Fetch Source Code Pointer High
00882  00E3E6  85 E8                             STA     TEMP1+1
00883                      
00884  00E3E8  A0 03                             LDY     #$03                ; Offset 3: Skips Length and Line Number bytes in Source
00885  00E3EA  B1 E7         .PRT_LOOP           LDA     (TEMP1),Y
00886  00E3EC  30 14                             BMI     .DONE               ; B7 Set = Packed Token (End of label)
00887  00E3EE  C9 3A                             CMP     #':'            
00888  00E3F0  F0 10                             BEQ     .DONE               ; Colon = End of label
00889  00E3F2  C9 20                             CMP     #SP
00890  00E3F4  F0 0C                             BEQ     .DONE               ; Space = End of label
00891  00E3F6  C9 0D                             CMP     #CR
00892  00E3F8  F0 08                             BEQ     .DONE               ; CR = End of line
00893                      
00894  00E3FA  29 7F                             AND     #$7F                ; Ensure character is clean ASCII
00895  00E3FC  20 98 FB                          JSR     WRCHAR              ; Print the character to terminal
00896  00E3FF  C8                                INY
00897  00E400  80 E8                             BRA     .PRT_LOOP
00898  00E402  60            .DONE               RTS
00899  
00900  00E403  A9 2E         .PRT_LOCAL          LDA     #'.'                ; Local labels start with a dot
00901  00E405  20 98 FB                          JSR     WRCHAR
00902  00E408  A0 00                             LDY     #$00
00903  00E40A  B1 E1                             LDA     (DEST),Y            ; Fetch the local label ID (e.g., binary 1 or 2)
00904  00E40C  29 7F                             AND     #$7F                ; Mask out declared flags just in case
00905  00E40E  A8                                TAY                         ; Move to Y (LSB parameter for WRDECI)
00906  00E40F  A9 00                             LDA     #$00                ; Move 0 to A (MSB parameter for WRDECI)
00907  00E411  20 11 EA                          JSR     WRDECI              ; Print the ID as a decimal number
00908  00E414  60                                RTS
00909  
00910  
00911  ;------------------------------------------------------------------------   
00912  ;print AX as a HEX word
00913  ;------------------------------------------------------------------------   
00914  00E415  20 C1 FB      PRNTAX              JSR     WR2HEX              ;Print target adr of branch (DUPLICATE FUNCTION to WRWORDAY)
00915  00E418  8A            PRNTX               TXA                         ; *  and return
00916  00E419  4C C1 FB                          JMP     WR2HEX              
00917  
00918  
00919  ;------------------------------------------------------------------------------------------ 
00920  ;PC Adjust - Program counter
00921  ;------------------------------------------------------------------------------------------     
00922  00E41C  38            PCADJ               SEC
00923  00E41D  A5 DD         PCADJ2              LDA     LENG                ;0=1-byte, 1=2-byte, 2=3-byte
00924  00E41F  A4 E0         PCADJ3              LDY     SRCE+1
00925  00E421  AA                                TAX                         ;* test displ sign (for rel
00926  00E422  10 01                             BPL     .PCADJ4             ;*  branch).  Extend neg
00927  00E424  88                                DEY                         ;*  by decrementing PCH
00928                      ;SEC                        ;*  by incrementing PCL
00929                      ;CLC                        
00930  00E425  65 DF         .PCADJ4             ADC     SRCE
00931  00E427  90 01                             BCC     .RTS                ;PCL+LENGTH (or displ) + 1 to A
00932  00E429  C8                                INY                         ;*  carry into Y (PCH)
00933  00E42A  60            .RTS                RTS 
00934  
00935  
00936  ;------------------------------------------------------------------------   
00937  ; Expand Mnemic
00938  ; copy the 2 chars at R/LMNETB,X
00939  ; into LMNE and RMNE, and expand 
00940  ; into 3 chars at MNE to MNE+2
00941  ;------------------------------------------------------------------------
00942  00E42B  BD 44 F7      EXPMNE              LDA     LMNETB,X            ;Expand Mnemic
00943  00E42E  85 CB                             STA     PARM1               
00944  00E430  BD 86 F7                          LDA     RMNETB,X        
00945  00E433  85 CC                             STA     PARM1+1
00946  00E435  A2 00                             LDX     #$00
00947  00E437  A9 00         .NEXT               LDA     #$00
00948  00E439  A0 05                             LDY     #$05                ;5 bits of  used
00949  00E43B  06 CC         .LOOP               ASL     PARM1+1             ;across 2 bytes
00950  00E43D  26 CB                             ROL     PARM1               ;expand and extra 
00951  00E43F  2A                                ROL
00952  00E440  88                                DEY
00953  00E441  D0 F8                             BNE     .LOOP
00954  00E443  69 40                             ADC     #'A'-1
00955                      ;STA    MNE,X               
00956  00E445  A4 E5                             LDY     PRFLAG              ;check if print to screen
00957  00E447  F0 03                             BEQ     .SKIP               
00958  00E449  20 98 FB                          JSR     WRCHAR              ;print the mnemonic as well
00959  00E44C  E8            .SKIP               INX
00960  00E44D  E0 03                             CPX     #$03        
00961  00E44F  D0 E6                             BNE     .NEXT
00962  00E451  60                                RTS 
00963  
00964  
00965  ;------------------------------------------------------------------------
00966  ;Attached address to Whatch in Trace 
00967  ;------------------------------------------------------------------------ 
00968  00E452  20 42 E8      CMD_WATCH           JSR     GET_VAL             ;Get the line number value
00969  00E455  D0 24                             BNE     .RTS                ;An error occurred!
00970  00E457  84 AD                             STY     WHATCH              ;Get first whatch address
00971  00E459  85 AE                             STA     WHATCH+1                    
00972                      
00973  00E45B  B5 19                             LDA     IN,X                ;Does the increment follow?
00974  00E45D  C9 2C                             CMP     #','
00975  00E45F  D0 1A                             BNE     .RTS                ;Nope!                  
00976  00E461  E8                                INX
00977  00E462  20 42 E8                          JSR     GET_VAL             ;Get send Whatc
00978  00E465  D0 14                             BNE     .RTS                ;An error occurred!
00979  00E467  84 AF                             STY     WHATCH+2            ;store second address
00980  00E469  85 B0                             STA     WHATCH+3                    
00981                      
00982  00E46B  B5 19                             LDA     IN,X                ;Does the increment follow?
00983  00E46D  C9 2C                             CMP     #','
00984  00E46F  D0 0A                             BNE     .RTS                ;Nope!                  
00985  00E471  E8                                INX
00986  00E472  20 42 E8                          JSR     GET_VAL             ;Get send Whatc
00987  00E475  D0 04                             BNE     .RTS                ;An error occurred!
00988  00E477  84 B1                             STY     WHATCH+4            ;Get 3rd address
00989  00E479  85 B2                             STA     WHATCH+5
00990  00E47B  60            .RTS                RTS
00991  
00992  
00993  ;------------------------------------------------------------------------
00994  ;Hunt F start end value
00995  ;------------------------------------------------------------------------ 
00996  00E47C  20 42 E8      CMD_HUNT            JSR     GET_VAL             ;Fill Memory
00997  00E47F  84 DF                             STY     SRCE                ;Get start address
00998  00E481  85 E0                             STA     SRCE+1  
00999  00E483  E8                                INX
01000  00E484  20 42 E8                          JSR     GET_VAL             ;FILL end address
01001  00E487  84 E1                             STY     DEST
01002  00E489  85 E2                             STA     DEST+1
01003  00E48B  E8                                INX
01004  00E48C  20 42 E8                          JSR     GET_VAL             ;FILL value
01005  00E48F  84 D5                             STY     CHAR
01006              
01007  00E491  38                                SEC                         ;find length add +1
01008  00E492  A5 E1                             LDA     DEST
01009  00E494  E5 DF                             SBC     SRCE
01010  00E496  85 DD                             STA     LENG
01011  00E498  A5 E2                             LDA     DEST+1
01012  00E49A  E5 E0                             SBC     SRCE+1
01013  00E49C  85 DE                             STA     LENG+1
01014  00E49E  98                                TYA                         ;the value              
01015              
01016  00E49F  A4 DE                             LDY     LENG+1                                      
01017  00E4A1  F0 12                             BEQ     .partpg             ;compare partpage           
01018                              
01019  00E4A3  A0 00                             LDY     #00                 ;another way is keep y=0 and increment
01020  00E4A5  D1 DF         .fullpg             CMP     (SRCE),Y
01021  00E4A7  D0 03                             BNE     .skip1              ;probably should be write error
01022  00E4A9  20 07 E5                          JSR     DISPLAY_ADDR
01023  00E4AC  C8            .skip1              INY 
01024  00E4AD  D0 F6                             BNE     .fullpg
01025  00E4AF  E6 E0                             INC     SRCE+1
01026  00E4B1  C6 DE                             DEC     LENG+1              ;are we done
01027  00E4B3  D0 F0                             BNE     .fullpg
01028              
01029  00E4B5  A4 DD         .partpg             LDY     LENG            
01030  00E4B7  D1 DF         .loop1              CMP     (SRCE),Y
01031  00E4B9  D0 05                             BNE     .skip2 
01032                                                  ;savey
01033                                                  ;savya
01034                                                  ;add + y to A
01035                                                  ;better of inc source until equals dest
01036                                                  ;probably should be write error
01037  00E4BB  20 07 E5                          JSR     DISPLAY_ADDR 
01038  00E4BE  A5 D5                             LDA     CHAR                ;get the value          
01039  00E4C0  88            .skip2              DEY 
01040  00E4C1  D0 F4                             BNE     .loop1
01041                      ;STA    (SRCE),Y            ;last byte
01042  00E4C3  60                                RTS
01043  
01044  
01045  ;------------------------------------------------------------------------
01046  ;ASCII DUMP 
01047  ;------------------------------------------------------------------------
01048  00E4C4  20 49 E9      CMD_ASCIIDUMP       JSR     GET_EXPRES          ;Get Source aka get expression 
01049  00E4C7  D0 04                             BNE     .CONT
01050  00E4C9  84 DF                             STY     SRCE
01051  00E4CB  85 E0                             STA     SRCE+1                      
01052  00E4CD  A9 42         .CONT               LDA     #$42            
01053  00E4CF  85 D0                             STA     COUNT               
01054  00E4D1  A0 14                             LDY     #$14                
01055  00E4D3  5A            .NEXTLINE           PHY             
01056  00E4D4  20 07 E5                          JSR     DISPLAY_ADDR            ; display address format        
01057  00E4D7  20 E9 E4                          JSR     ASCII_DUMP          
01058  00E4DA  20 91 FB                          JSR     WRCRLF          
01059  00E4DD  A9 2A                             LDA     #42
01060  00E4DF  20 9D E2                          JSR     BUMPSRCE        ; Add to SRCE
01061  00E4E2  7A                                PLY         
01062  00E4E3  88                                DEY         
01063  00E4E4  D0 ED                             BNE     .NEXTLINE           
01064  00E4E6  64 C9                             STZ     ERROR           ; No Error
01065  00E4E8  60                                RTS
01066  
01067  
01068  ;------------------------------------------------------------------------
01069  ;ASCII DUMP one line
01070  ;------------------------------------------------------------------------ 
01071  00E4E9  A9 2F         ASCII_DUMP          LDA     #'/'            ;ASCII DUMP - Dumps ASCII onto the screen
01072  00E4EB  20 98 FB                          JSR     WRCHAR          
01073  00E4EE  A0 00                             LDY     #$00                        
01074  00E4F0  B1 DF         .NEXTCHAR1          LDA     (SRCE),y
01075  00E4F2  C9 1F                             CMP     #$1f                
01076  00E4F4  90 06                             BCC     .NOTASCII               
01077  00E4F6  C9 7F                             CMP     #$7f            
01078  00E4F8  B0 02                             BCS     .NOTASCII           
01079  00E4FA  80 02                             BRA     .WRITE                  
01080  00E4FC  A9 2E         .NOTASCII           LDA     #'.'
01081  00E4FE  20 98 FB      .WRITE              JSR     WRCHAR
01082  00E501  C8                                INY         
01083  00E502  C4 D0                             CPY     COUNT           
01084  00E504  D0 EA                             BNE     .NEXTCHAR1          
01085  00E506  60                                RTS 
01086  
01087  
01088  ;------------------------------------------------------------------------           
01089  ; display address without the $ A=MSD y=LSB
01090  ;------------------------------------------------------------------------ 
01091  00E507  A9 2E         DISPLAY_ADDR        LDA     #'.'                
01092  00E509  20 98 FB                          JSR     WRCHAR              
01093  00E50C  A9 3A                             LDA     #':'                
01094  00E50E  20 98 FB                          JSR     WRCHAR              
01095  00E511  A9 20         DISPLAY_ADDR_B      LDA     #SP                 ;basic version  
01096  00E513  20 98 FB                          JSR     WRCHAR 
01097  00E516  A5 E0                             LDA     SRCE+1
01098  00E518  A4 DF                             LDY     SRCE            
01099  00E51A  20 DE FB                          JSR     WRWORDAY            ;print address AY               
01100  00E51D  A9 20                             LDA     #SP                 ;TABS HERE
01101  00E51F  20 98 FB                          JSR     WRCHAR              
01102  00E522  4C 98 FB                          JMP     WRCHAR              ;return to caller
01103  
01104  
01105  ;------------------------------------------------------------------------
01106  ;Memory DUMP one line
01107  ;------------------------------------------------------------------------ 
01108  00E525  20 49 E9      CMD_MEMORY_DUMP     JSR     GET_EXPRES          ;DUMPS MEMORY TO THE SCREEN
01109  00E528  D0 04                             BNE     .CONT
01110  00E52A  84 DF                             STY     SRCE
01111  00E52C  85 E0                             STA     SRCE+1                                                  
01112  00E52E  20 61 FB      .CONT               JSR     CLS                 ;Cursor top left
01113             ;         JSR     STRING
01114             ;             
01115             ;     .ASCII "   _____ _____ _____",CR,LF
01116             ;     .ASCII "  |     |   __|     |",CR,LF
01117             ;     .ASCII "  | | | |   __| | | |",CR,LF
01118             ;     .ASCII "  |_|_|_|_____|_|_|_|",CR,LF, EOS
01119                  
01120  00E531  20 83 E6                          JSR     DMPGR               ;draw the 00 01 02 03 etc etc
01121  00E534  20 AD FB                          JSR     DRAWLINECR          ;draw line
01122              
01123  00E537  A0 10         DRAWMEM_DRAW        LDY     #$10                ;lines to draw = 1 page of memory       
01124  00E539  A2 04                             LDX     #04                 ;divided by 4
01125  00E53B  5A            .NEWLINE            PHY
01126  00E53C  20 07 E5                          JSR     DISPLAY_ADDR        
01127  00E53F  A0 00                             LDY     #$00            
01128  00E541  B1 DF         .DUMP               LDA     (SRCE),y            ;SCAN_ESC    
01129  00E543  20 C1 FB                          JSR     WR2HEX          
01130  00E546  A9 20                             LDA     #SP         
01131  00E548  20 98 FB                          JSR     WRCHAR          
01132  00E54B  CA                                DEX
01133  00E54C  D0 05                             BNE     .SKIPSP             
01134  00E54E  A2 04                             LDX     #04                 ;4 coloumns of 4 words to display           
01135  00E550  20 98 FB                          JSR     WRCHAR              ;then add a 2nd space 
01136  00E553  C8            .SKIPSP             INY
01137  00E554  C0 10                             CPY     #$10            
01138  00E556  D0 E9                             BNE     .DUMP           
01139  00E558  20 8D FB                          JSR     WRSPACE         
01140  00E55B  84 D0                             STY     COUNT               
01141  00E55D  20 E9 E4                          JSR     ASCII_DUMP          ;draw ASCII dump end of the row     
01142  00E560  20 91 FB                          JSR     WRCRLF              ;new line
01143  00E563  A9 10                             LDA     #$10
01144  00E565  20 9D E2                          JSR     BUMPSRCE            ;Add to SRCE for next 16 bytes                  
01145  00E568  7A                                PLY                     
01146  00E569  20 E4 FB                          JSR     SCAN_ESC            ;Scan for Escape    
01147  00E56C  F0 05                             BEQ     EXIT                ;Z=1 Escape pressed
01148  00E56E  88                                DEY         
01149  00E56F  D0 CA                             BNE     .NEWLINE                
01150  00E571  64 C9                             STZ     ERROR                   
01151  00E573  60            EXIT                RTS
01152  
01153  ;------------------------------------------------------------------------
01154  ;Move Cursor to position from SAVX,SAVY
01155  ; 
01156  ; X table lookup & Y+2
01157  ;------------------------------------------------------------------------       
01158  00E574  A4 AB         MOVETOCUROR         LDY     SAVX
01159  00E576  B9 88 FF                          LDA     XCORDINATE,Y
01160  00E579  AA                                TAX
01161  00E57A  A4 AA         MOVETOCUROR_Y       LDY     SAVY                ;adjust Y down by 2
01162  00E57C  C8                                INY                         ;hard coded 2 rows
01163  00E57D  C8                                INY     
01164  00E57E  20 2E FB                          JSR     GOTOXY              ;move cursor 
01165  00E581  60                                RTS 
01166  
01167  ;------------------------------------------------------------------------
01168  ;Draw Screen
01169  ; 
01170  ; 
01171  ;------------------------------------------------------------------------                       
01172  00E582  A5 E1         DRAW_SCREEN         LDA     DEST                ;Refresh WHOLE screen
01173  00E584  A4 E2                             LDY     DEST+1              ;set Source of the page to be drawn
01174  00E586  85 DF                             STA     SRCE
01175  00E588  84 E0                             STY     SRCE+1              ;clear screen & know where X&Y area                                 
01176  00E58A  20 25 E5                          JSR     CMD_MEMORY_DUMP                 
01177  00E58D  60                                RTS
01178              
01179  ;------------------------------------------------------------------------
01180  ;EDIT MEMORY one line
01181  ; DEST start of Memory Page to be edited
01182  ; SAVY,SAVX  = X,Y location for memory to be edited
01183  ;------------------------------------------------------------------------ 
01184  
01185  00E58E  20 49 E9      CMD_EDIT_MEMORY     JSR     GET_EXPRES          ;edit memory
01186  00E591  D0 04                             BNE     .CONT1                  
01187  00E593  84 DF                             STY     SRCE                ;store source
01188  00E595  85 E0                             STA     SRCE+1                                                          
01189  00E597  A4 DF         .CONT1              LDY     SRCE
01190  00E599  A5 E0                             LDA     SRCE+1
01191  00E59B  84 E1         .SAVE_DEST          STY     DEST                ;save source in dest as start of page                   
01192  00E59D  85 E2                             STA     DEST+1                                                  
01193                      
01194  00E59F  64 AA         .CONT2              STZ     SAVY                ;1st position for memory
01195  00E5A1  64 AB                             STZ     SAVX                    
01196  00E5A3  20 82 E5                          JSR     DRAW_SCREEN         ;draw full screen
01197                                                      
01198              
01199  00E5A6  20 42 E6      SCAN_KEYBOARD       JSR     CHECK_WIN_FRAME 
01200  00E5A9  20 74 E5                          JSR     MOVETOCUROR         ;move cursor from SAVX,SAVY
01201  00E5AC  20 F1 FB                          JSR     RDCHAR              ;read keyboard
01202  00E5AF  C9 1B                             CMP     #ESC                ;ESCAPE for exit
01203  00E5B1  F0 20                             BEQ     .EXIT               ;Exit                       
01204  
01205              
01206  00E5B3  C9 4B         .CHECKRIGHT         CMP     #RIGHTARROW         ;Check right key 
01207  00E5B5  D0 04                             BNE     .CHECKLEFT                              
01208  00E5B7  E6 AB                             INC     SAVX                                    
01209  00E5B9  80 EB                             BRA     SCAN_KEYBOARD
01210                          
01211  00E5BB  C9 4A         .CHECKLEFT          CMP     #LEFTARROW
01212  00E5BD  D0 04                             BNE     .CHECKDOWN                          
01213  00E5BF  C6 AB                             DEC     SAVX                ;one byte of RAM
01214  00E5C1  80 E3                             BRA     SCAN_KEYBOARD
01215  
01216  00E5C3  C9 4D         .CHECKDOWN          CMP     #DOWNARROW
01217  00E5C5  D0 04                             BNE     .CHECKUP                    
01218  00E5C7  E6 AA                             INC     SAVY                ;Update RAM Cordinates
01219  00E5C9  80 DB                             BRA     SCAN_KEYBOARD
01220  
01221  00E5CB  C9 49         .CHECKUP            CMP     #UPARROW
01222  00E5CD  D0 0C                             BNE     .DIGITCHECK                 
01223  00E5CF  C6 AA                             DEC     SAVY
01224  00E5D1  80 D3                             BRA     SCAN_KEYBOARD
01225                      
01226                      
01227  00E5D3  A0 12         .EXIT               LDY     #18                 ;return cursor to bottom of screen           
01228  00E5D5  A2 00                             LDX     #00                 
01229  00E5D7  20 2E FB                          JSR     GOTOXY
01230  00E5DA  60            		    RTS 
01231              
01232  .DIGITCHECK         ; At this point, A holds the key pressed. Is it a Hex character?
01233  00E5DB  C9 30                             CMP     #'0'
01234  00E5DD  90 14                             BCC     .NOT_HEX
01235  00E5DF  C9 3A                             CMP     #'9'+1
01236  00E5E1  90 13                             BCC     .IS_HEX_CHAR
01237  00E5E3  C9 41                             CMP     #'A'
01238  00E5E5  90 0C                             BCC     .NOT_HEX
01239  00E5E7  C9 47                             CMP     #'F'+1
01240  00E5E9  90 0B                             BCC     .IS_HEX_CHAR
01241  00E5EB  C9 61                             CMP     #'a'
01242  00E5ED  90 04                             BCC     .NOT_HEX
01243  00E5EF  C9 67                             CMP     #'f'+1
01244  00E5F1  90 03                             BCC     .IS_HEX_CHAR
01245                      
01246  00E5F3  4C A6 E5      .NOT_HEX            JMP     SCAN_KEYBOARD       ; Not an arrow, not hex. Ignore it.
01247  
01248  .IS_HEX_CHAR        ; User typed the FIRST valid hex digit!
01249  00E5F6  20 10 FC                          JSR     HEX2BIN             ; Use your library routine to get 0-15
01250  00E5F9  0A                                ASL     
01251  00E5FA  0A                                ASL     
01252  00E5FB  0A                                ASL     
01253  00E5FC  0A                                ASL     
01254  00E5FD  85 D2                             STA     HEXVAL              ; Save the High Nibble 
01255                      
01256  00E5FF  20 F1 FB      .WAIT_SEC_CHAR      JSR     RDCHAR              ; Wait for the SECOND hex digit
01257  00E602  C9 30                             CMP     #'0'
01258  00E604  90 F9                             BCC     .WAIT_SEC_CHAR
01259  00E606  C9 3A                             CMP     #'9'+1
01260  00E608  90 12                             BCC     .GOT_SEC_CHAR
01261  00E60A  C9 41                             CMP     #'A'
01262  00E60C  90 F1                             BCC     .WAIT_SEC_CHAR
01263  00E60E  C9 47                             CMP     #'F'+1
01264  00E610  90 0A                             BCC     .GOT_SEC_CHAR
01265  00E612  C9 61                             CMP     #'a'
01266  00E614  90 E9                             BCC     .WAIT_SEC_CHAR
01267  00E616  C9 67                             CMP     #'f'+1
01268  00E618  90 02                             BCC     .GOT_SEC_CHAR
01269  00E61A  80 E3                             BRA     .WAIT_SEC_CHAR      ; Ignore typos, wait for valid hex
01270                      
01271  .GOT_SEC_CHAR       ; User typed the SECOND valid hex digit!
01272  00E61C  20 10 FC                          JSR     HEX2BIN             ; Use library routine again
01273  00E61F  05 D2                             ORA     HEXVAL              ; Combine Low Nibble with High Nibble
01274  00E621  85 D2                             STA     HEXVAL              ; Save the final completed byte
01275                      
01276                      ; Calculate Memory Address
01277  00E623  A5 AA                             LDA     SAVY                
01278  00E625  0A                                ASL                        
01279  00E626  0A                                ASL              
01280  00E627  0A                                ASL     
01281  00E628  0A                                ASL      
01282  00E629  85 E7                             STA     TEMP1               ; TEMP1 = SAVY * 16
01283  00E62B  A5 AB                             LDA     SAVX            
01284  00E62D  18                                CLC
01285  00E62E  65 E7                             ADC     TEMP1               ; Y * 16 + X                                                
01286  00E630  A8                                TAY                         
01287  00E631  A5 D2                             LDA     HEXVAL  
01288  00E633  91 E1                             STA     (DEST),Y            ; Write the assembled byte to RAM!
01289                      
01290                      ; --- IN-PLACE VISUAL UPDATE ---
01291  00E635  20 74 E5                          JSR     MOVETOCUROR         ; Ensure cursor is pinned
01292  00E638  A5 D2                             LDA     HEXVAL
01293  00E63A  20 C1 FB                          JSR     WR2HEX              ; Print new byte directly over the old one
01294                      
01295                      ; Auto-Advance the cursor to the right
01296  00E63D  E6 AB                             INC     SAVX
01297  00E63F  4C A6 E5                          JMP     SCAN_KEYBOARD       ; Go back (CHECK_WIN_FRAME handles line-wrapping!)             
01298  
01299  ;------------------------------------------------------------------------
01300  ;Dump Offsets to Screen -   ;check if within Window Frame
01301  ;------------------------------------------------------------------------           
01302  00E642  A6 AB         CHECK_WIN_FRAME     LDX     SAVX                ;Load up X,Y            
01303  00E644  A4 AA                             LDY     SAVY
01304  00E646  E0 00                             CPX     #00                 ;did it go neg
01305  00E648  10 07                             BPL     .CHECK_X_MAX                    
01306  00E64A  64 AB                             STZ     SAVX                                
01307  00E64C  88                                DEY
01308  00E64D  C6 AA                             DEC     SAVY                ;go back a screen load                                  
01309  00E64F  80 1D                             BRA     .CHECK_Y_MIN        ;have to jump X=$FF here    
01310                  
01311  00E651  E0 10         .CHECK_X_MAX        CPX     #16                 ;X limit
01312  00E653  90 05                             BCC     .CHECK_Y_MAX
01313  00E655  64 AB                             STZ     SAVX                ;New Line eg CR   
01314  00E657  C8                                INY 
01315  00E658  E6 AA                             INC     SAVY                ;LF eqivilent   
01316                  
01317  00E65A  C0 10         .CHECK_Y_MAX        CPY     #16                 ;Y screen limit
01318  00E65C  90 10                             BCC     .CHECK_Y_MIN        ;Not exceed then check Y min
01319  00E65E  C6 AA                             DEC     SAVY                ;adjust Y + $FF bytes forward
01320  00E660  A5 E1                             LDA     DEST
01321  00E662  18                                CLC
01322  00E663  69 10                             ADC     #$10
01323  00E665  85 E1                             STA     DEST
01324  00E667  90 02                             BCC     .SKIP_ADC
01325  00E669  E6 E2                             INC     DEST+1              
01326  00E66B  4C 82 E5      .SKIP_ADC           JMP     DRAW_SCREEN         ;redraw screen & then RTS
01327                      
01328  00E66E  C0 00         .CHECK_Y_MIN        CPY     #00
01329  00E670  10 10                             BPL     .EXIT         
01330  00E672  64 AA                             STZ     SAVY            
01331  00E674  A5 E1                             LDA     DEST                ;sbc 1 page
01332  00E676  38                                SEC 
01333  00E677  E9 10                             SBC     #$10
01334  00E679  85 E1                             STA     DEST
01335  00E67B  B0 02                             BCS     .SKIP_SBC
01336  00E67D  C6 E2                             DEC     DEST+1
01337  00E67F  4C 82 E5      .SKIP_SBC           JMP     DRAW_SCREEN         ;redraw screen & then RTS                               
01338  00E682  60            .EXIT              RTS                         ;save a byte
01339  
01340  
01341  ;------------------------------------------------------------------------
01342  ;Dump Offsets to Screen
01343  ;------------------------------------------------------------------------ 
01344  00E683  A2 09         DMPGR               LDX     #XEDGE              ;Send 9 [SPACE] to terminal
01345  00E685  20 A9 FB                          JSR     WRBL2
01346  00E688  A0 00                             LDY     #$00
01347  00E68A  A2 04                             LDX     #$04                ;Initialize line counter                                
01348  00E68C  98            .LOOP1              TYA                         ;Send "00" thru "0F", separated by 2 [SPACE], to terminal  
01349  00E68D  20 C1 FB                          JSR     WR2HEX 
01350  00E690  20 8D FB                          JSR     WRSPACE                 
01351  00E693  CA                                DEX
01352  00E694  D0 05                             BNE     .SKIPSP
01353  00E696  A2 04                             LDX     #04
01354  00E698  20 8D FB                          JSR     WRSPACE                 
01355  00E69B  C8            .SKIPSP             INY                                 
01356  00E69C  C0 10                             CPY     #$10
01357  00E69E  D0 EC                             BNE     .LOOP1
01358  00E6A0  60                                RTS                         ;Done DMPGR or MEMDMP subroutine, RETURN
01359  
01360  
01361  ;------------------------------------------------------------------------
01362  ; Move a part of memory down (to delete or shorten source lines)
01363  ;
01364  ; SRCE  2       Address of source data (destroyed)
01365  ; DEST  2       Address of destination data (destroyed)
01366  ; LENG  2       Holds the number of bytes to move
01367  ;------------------------------------------------------------------------
01368  00E6A1  A0 00         MOV_DOWN            LDY     #0                  ;Clear index in 256 byte blocks
01369  00E6A3  A6 DE                             LDX     LENG+1              ;Get number of blocks to be moved
01370  00E6A5  F0 0E                             BEQ     .LAST               ;Move last (partial) block
01371  00E6A7  B1 DF         .LOOP1              LDA     (SRCE),Y            ;Move this byte
01372  00E6A9  91 E1                             STA     (DEST),Y
01373  00E6AB  C8                                INY                         ;Point to next byte in block
01374  00E6AC  D0 F9                             BNE     .LOOP1              ;Block not done yet!
01375  00E6AE  E6 E0                             INC     SRCE+1              ;Point to next block
01376  00E6B0  E6 E2                             INC     DEST+1
01377  00E6B2  CA                                DEX                         ;Count down blocks
01378  00E6B3  D0 F2                             BNE     .LOOP1              ;Not all blocs done yet!
01379  00E6B5  A6 DD         .LAST               LDX     LENG                ;Count remainder of last block
01380  00E6B7  F0 08                             BEQ     .EXIT               ;Oh, there is no remainder!
01381  00E6B9  B1 DF         .LOOP2              LDA     (SRCE),Y            ;Move this byte
01382  00E6BB  91 E1                             STA     (DEST),Y
01383  00E6BD  C8                                INY                         ;Point to next byte in last block
01384  00E6BE  CA                                DEX                         ;Count down the bytes
01385  00E6BF  D0 F8                             BNE     .LOOP2              ;Last block not done yet!
01386  00E6C1  60            .EXIT               RTS
01387  
01388  
01389  ;------------------------------------------------------------------------
01390  ; Move a part of memory up (to make room for new or longer source line)
01391  ;
01392  ; SRCE  2       Address of source data
01393  ; DEST  2       Address of destination data
01394  ; LENG  2       Holds number of bytes to move
01395  ;
01396  ;------------------------------------------------------------------------
01397  00E6C2  A6 DE         MOV_UP              LDX     LENG+1              ;We have started the move at the
01398  00E6C4  18                                CLC                         ;end otherwise we risk
01399  00E6C5  8A                                TXA                         ;overwriting the source
01400  00E6C6  65 E0                             ADC     SRCE+1
01401  00E6C8  85 E0                             STA     SRCE+1              ;So add Length-High to source and
01402  00E6CA  18                                CLC                         ;destination address
01403  00E6CB  8A                                TXA
01404  00E6CC  65 E2                             ADC     DEST+1
01405  00E6CE  85 E2                             STA     DEST+1
01406  00E6D0  E8                                INX                         ;Allow BNE to signal the end
01407  00E6D1  A4 DD                             LDY     LENG
01408  00E6D3  F0 0E                             BEQ     .PAGE               ;Only entire pages to be moved!
01409  00E6D5  88                                DEY
01410  00E6D6  F0 07                             BEQ     .PART               ;Move last, partial, page first!
01411  00E6D8  B1 DF         .LOOP1              LDA     (SRCE),Y            ;Move one entire page
01412  00E6DA  91 E1                             STA     (DEST),Y
01413  00E6DC  88                                DEY                         ; backwards
01414  00E6DD  D0 F9                             BNE     .LOOP1              ;Page not done yet
01415  00E6DF  B1 DF         .PART               LDA     (SRCE),Y            ;Move first byte of page too
01416  00E6E1  91 E1                             STA     (DEST),Y
01417  00E6E3  88            .PAGE               DEY
01418  00E6E4  C6 E0                             DEC     SRCE+1              ;Decrement source and destination
01419  00E6E6  C6 E2                             DEC     DEST+1
01420  00E6E8  CA                                DEX
01421  00E6E9  D0 ED                             BNE     .LOOP1              ;Move all pages!
01422  00E6EB  60                                RTS
01423  
01424  
01425  ;------------------------------------------------------------------------
01426  ; Print error c=1 means its ERROR messages
01427  ;------------------------------------------------------------------------
01428  00E6EC  A4 C9         PRINT_MSGS          LDY     ERROR
01429  00E6EE  D0 0B                             BNE     ERRORMSGS           ;normal string      
01430  00E6F0  A0 D6         PRINT_ERR           LDY     #<TEXT1             ;Error texts
01431  00E6F2  84 DF                             STY     SRCE
01432  00E6F4  A0 E7                             LDY     #>TEXT1 
01433  00E6F6  84 E0                             STY     SRCE+1
01434  00E6F8  A8                                TAY                         ;index to message string
01435  00E6F9  80 0F                             BRA     PRINT_SRCE
01436          
01437  00E6FB  A9 17         ERRORMSGS           LDA     #<TEXT              ;noramal texts      
01438  00E6FD  85 DF                             STA     SRCE
01439  00E6FF  A9 E7                             LDA     #>TEXT 
01440  00E701  85 E0                             STA     SRCE+1              
01441  00E703  20 0A E7                          JSR     PRINT_SRCE          ;Print 3 characters                
01442  00E706  A0 00                             LDY     #0                  ;Save A
01443  00E708  84 C9                             STY     ERROR               ;Clear the error now                                                    
01444  
01445  00E70A  B1 DF         PRINT_SRCE          LDA     (SRCE),Y            ;Get character (also GLobal Print)          
01446  00E70C  48                                PHA 
01447  00E70D  29 7F                             AND     #%01111111          
01448  00E70F  20 98 FB                          JSR     WRCHAR              ; and print it
01449  00E712  C8                                INY                         ;check if it exceed 127
01450  00E713  68                                PLA                
01451  00E714  10 F4                             BPL     PRINT_SRCE          ; is bit=8 =1                              
01452  00E716  60                                RTS
01453  
01454  
01455  ;------------------------------------------------------------------------
01456  ; Error Messages - TODO - Can be impoved
01457  ;------------------------------------------------------------------------
01458  
01459  TEXT                .ASCII      " ERROR",CR,LF + $80                                    
01460  PNTR_ERR_SYN        .ASCIS      " :SYNTAX"                      ;Syntax error
01461  PNTR_ERR_LBL        .ASCIS      " :LABEL"                       ;Label error / no global 
01462  PNTR_ERR_RNG        .ASCIS      " :INVALID RANGE"               ;Range error
01463  PNTR_ERR_MIS        .ASCIS      " :MISSING PARAMETER or OPERAND";Missing parameter/operand
01464  PNTR_ERR_DIV        .ASCIS      " :DIVIDE by 0"                 ;Divide by 0 error
01465  PNTR_ERR_MEM        .ASCIS      " :MEMORY FULL"                 ;Memory full / illegal TA 
01466  PNTR_ERR_DEF        .ASCIS      " :UNDEFINED LABEL"             ;Undefined label
01467  PNTR_ERR_DIR        .ASCIS      " :ILLEGAL DIRECTIVE"           ;Illegal directive error
01468  PNTR_ERR_OPE        .ASCIS      " :OPERAND"                     ;Operand error
01469  PNTR_ERR_MNE        .ASCIS      " :MNEMONIC "                   ;Mnemonic error
01470  PNTR_ERR_EXT        .ASCIS      " :EXTRAT DEFINATION"           ;Extra definition error
01471  PNTR_ERR_WRT        .ASCIS      " :UNABLE TO WRITE/READ"        ;Read/Write Error
01472              
01473  TEXT1               .ASCIS      "AUTONUM ENABLE starting "      ;
01474  PNTR_ERRORS         .ASCII      " COMPILE ERROR(s)",CR,LF + $80
01475  ;PNTR_CANCEL         .ASCIS      "/"     
01476  PNTR_CODE_ORG       .ASCIS      ".ORG ->"
01477  ;PNTR_ADDR_MSG       .ASCIS      "addrs"
01478  
01479    0008              ERR_SYN     =   PNTR_ERR_SYN - TEXT                             ;index to messages 
01480    0010              ERR_LBL     =   PNTR_ERR_LBL - TEXT     
01481    0017              ERR_RNG     =   PNTR_ERR_RNG - TEXT    
01482    0026              ERR_MIS     =   PNTR_ERR_MIS - TEXT    
01483    0044              ERR_DIV     =   PNTR_ERR_DIV - TEXT    
01484    0051              ERR_MEM     =   PNTR_ERR_MEM - TEXT     
01485    005E              ERR_DEF     =   PNTR_ERR_DEF - TEXT     
01486    006F              ERR_DIR     =   PNTR_ERR_DIR - TEXT     
01487    0082              ERR_OPE     =   PNTR_ERR_OPE - TEXT    
01488    008B              ERR_MNE     =   PNTR_ERR_MNE - TEXT     
01489    0096              ERR_EXT     =   PNTR_ERR_EXT - TEXT    
01490    00A9              ERR_WRT     =   PNTR_ERR_WRT - TEXT    
01491  
01492  ;standard messages
01493  
01494    0000              AUTOTEXT    =   0               ;Flag to set aut oumbering
01495    0018              STR_ERRORS  =   PNTR_ERRORS  - TEXT1    
01496  ;STR_CANCEL  =   PNTR_CANCEL  - TEXT1
01497    002B              CODE_ORG    =   PNTR_CODE_ORG  - TEXT1
01498  ;ADDR_MSG    =   PNTR_ADDR_MSG - TEXT1   
01499          
01500  ;------------------------------------------------------------------------
01501  ; Find next non space
01502  ; Z=1 if EOL found
01503  ;------------------------------------------------------------------------
01504  
01505  00E808  A2 00         FIRSTNONSPC         LDX     #0                  ;Start at the begin of the line
01506  00E80A  B5 19         NNONSPC             LDA     IN,X                ;Is this a space?
01507  00E80C  C9 20                             CMP     #SP
01508  00E80E  D0 03                             BNE     .NOSPACE            ;It is not!
01509  00E810  E8                                INX
01510  00E811  80 F7                             BRA     NNONSPC             ;Always taken!
01511  00E813  C9 0D         .NOSPACE            CMP     #CR                 ;Set Z if we're at EOL
01512  00E815  60                                RTS
01513  
01514  ;------------------------------------------------------------------------
01515  ; Initialise the assembler before we can start
01516  ;------------------------------------------------------------------------
01517  
01518  00E816  D8            INIT                CLD                         ;You'll never know
01519          .IF LCD_ROUTINES        
01520                                                  ;Memory scan
01521  00E817  A5 F7         .LOOP               LDA     HIMEM+1             ;Stop if we run into our own code (himem +1)
01522  00E819  C9 E0                             CMP     #>COLD              ;/COLD
01523  00E81B  F0 18                             BEQ     .THATSIT
01524  00E81D  B1 F6                             LDA     (HIMEM),Y           ;See if this memory page exists
01525  00E81F  AA                                TAX                         ;Save original value
01526  00E820  A9 55                             LDA     #%01010101          ;Try this value first
01527  00E822  20 3D E8                          JSR     PROBE
01528  00E825  D0 0E                             BNE     .THATSIT            ;End of RAM!
01529  00E827  A9 AA                             LDA     #%10101010          ;Then try this value
01530  00E829  20 3D E8                          JSR     PROBE
01531  00E82C  D0 07                             BNE     .THATSIT            ;End of RAM!
01532  00E82E  8A                                TXA                         ;Restore original value
01533  00E82F  91 F6                             STA     (HIMEM),Y
01534  00E831  E6 F7                             INC     HIMEM+1             ;Try next memory page
01535  00E833  10 E2                             BPL     .LOOP               ;No need to proceed beyond $8000!
01536  00E835  20 C8 EC      .THATSIT            JSR     SHOWMEM
01537  00E838  A0 00                             LDY     #$00                ;set EOR flag to zero   
01538  00E83A  4C B0 ED                          JMP     DONEW               ;Do new command (Y must be $00)
01539           
01540  ;------------------------------------------------------------------------
01541  ; Probe memory location
01542  ;------------------------------------------------------------------------
01543  00E83D  91 F6         PROBE               STA     (HIMEM),Y           ;Store this value
01544  00E83F  D1 F6                             CMP     (HIMEM),Y           ;See if it was accepted
01545  00E841  60            XEC_RTS             RTS             
01546          
01547  ;------------------------------------------------------------------------
01548  ; Get a single 16-bit value from input line
01549  ;------------------------------------------------------------------------
01550  
01551  00E842  64 CF         GET_VAL             STZ     NEG_FLAG            ;Clear negative flag
01552  00E844  64 D2                             STZ     HEXVAL              ;Clear end result
01553  00E846  64 D3                             STZ     HEXVAL+1
01554  00E848  64 D1                             STZ     DELIM               ;Clear digit entered flag
01555  00E84A  64 C9                             STZ     ERROR                                                              
01556  00E84C  B5 19                             LDA     IN,X                ;Read character from IN
01557  00E84E  C9 2B                             CMP     #'+'                ;Is it explicit positive?
01558  00E850  F0 06                             BEQ     .POS                ;Yes!
01559  00E852  C9 2D                             CMP     #'-'                ;Is it a negative number?
01560  00E854  D0 05                             BNE     .NOSIGN             ;No! No prefix sign given
01561  00E856  85 CF                             STA     NEG_FLAG            ;Set negative flag
01562  00E858  E8            .POS                INX                         ;Point to next byte in IN
01563  00E859  B5 19                             LDA     IN,X                ; and get it
01564  
01565  00E85B  C9 30         .NOSIGN             CMP     #'0'                ;Could it be a decimal number?
01566  00E85D  90 40                             BCC     .HEX                ;Nope!
01567  00E85F  C9 3A                             CMP     #'9'+1
01568  00E861  B0 3C                             BCS     .HEX                ;Nope!
01569  
01570  ;------------------------------------------------------------------------
01571  ; Convert a decimal number to binary
01572  ;------------------------------------------------------------------------
01573  00E863  49 30         .DECLOOP            EOR     #'0'                ;Strip ASCII part
01574  00E865  C9 0A                             CMP     #9+1                ;Is it still a decimal digit?
01575  00E867  B0 64                             BCS     .DONEG1             ;Nope!
01576  00E869  A8                                TAY                         ;Save new digit
01577  00E86A  06 D2                             ASL     HEXVAL              ;Multiply previous value by 10
01578  00E86C  26 D3                             ROL     HEXVAL+1
01579  00E86E  B0 60                             BCS     .RANGE              ;Exit with range error!
01580  00E870  A5 D2                             LDA     HEXVAL
01581  00E872  0A                                ASL
01582  00E873  85 DA                             STA     DEC_SAVE
01583  00E875  A5 D3                             LDA     HEXVAL+1
01584  00E877  2A                                ROL
01585  00E878  B0 56                             BCS     .RANGE              ;Exit with range error!
01586  00E87A  06 DA                             ASL     DEC_SAVE
01587  00E87C  2A                                ROL
01588  00E87D  85 DB                             STA     DEC_SAVE+1
01589  00E87F  B0 4F                             BCS     .RANGE              ;Exit with range error!
01590  00E881  A5 DA                             LDA     DEC_SAVE
01591  00E883  65 D2                             ADC     HEXVAL
01592  00E885  85 D2                             STA     HEXVAL
01593  00E887  A5 DB                             LDA     DEC_SAVE+1
01594  00E889  65 D3                             ADC     HEXVAL+1
01595  00E88B  85 D3                             STA     HEXVAL+1
01596  00E88D  B0 41                             BCS     .RANGE              ;Exit with range error!
01597  00E88F  98                                TYA                         ;Add new digit to result
01598  00E890  65 D2                             ADC     HEXVAL
01599  00E892  85 D2                             STA     HEXVAL
01600  00E894  90 04                             BCC     .NOCY               ;No carry to high byte
01601  00E896  E6 D3                             INC     HEXVAL+1
01602  00E898  F0 36                             BEQ     .RANGE              ;Exit with range error!
01603  00E89A  E8            .NOCY               INX                         ;Point to next digit
01604  00E89B  B5 19                             LDA     IN,X                ; and get it
01605  00E89D  80 C4                             BRA     .DECLOOP            ;Always taken!
01606  
01607  ;------------------------------------------------------------------------
01608  ; Convert a hex number 16bit
01609  ;------------------------------------------------------------------------
01610  00E89F  C9 24         .HEX                CMP     #'$'                ;Is it a hex number?
01611  00E8A1  D0 30                             BNE     .BIN                ;Nope!
01612  00E8A3  E8            .HEXLOOP            INX                         ;Get next character from IN
01613  00E8A4  B5 19                             LDA     IN,X
01614  00E8A6  20 10 FC                          JSR     HEX2BIN                
01615  00E8A9  C9 FF                             CMP     #FAIL
01616  00E8AB  F0 14                             BEQ     .NOTHEX             ;No hex digit anymore!
01617  00E8AD  0A            .DIG                ASL                         ;Left justify new nibble
01618  00E8AE  0A                                ASL
01619  00E8AF  0A                                ASL
01620  00E8B0  0A                                ASL
01621  00E8B1  A0 04                             LDY     #4                  ;Set shift counter
01622  00E8B3  84 D1                             STY     DELIM               ;Indicate that input is correct
01623  00E8B5  0A            .HEXSHIFT           ASL                         ;Shift new bit into result
01624  00E8B6  26 D2                             ROL     HEXVAL
01625  00E8B8  26 D3                             ROL     HEXVAL+1
01626  00E8BA  B0 14                             BCS     .RANGE              ;Exit with range error!
01627  00E8BC  88                                DEY                         ;Decrement counter
01628  00E8BD  D0 F6                             BNE     .HEXSHIFT           ;Do all 4 bits
01629  00E8BF  F0 E2                             BEQ     .HEXLOOP            ;Do next nibble (if any)!
01630  00E8C1  A5 D1         .NOTHEX             LDA     DELIM               ;Was a digit entered?
01631  00E8C3  D0 08                             BNE     .DONEG1             ;Yes!
01632  00E8C5  A5 BF                             LDA     PC_BEG              ;If not it was the PC value!
01633  00E8C7  85 D2                             STA     HEXVAL
01634  00E8C9  A5 C0                             LDA     PC_BEG+1
01635  00E8CB  85 D3                             STA     HEXVAL+1
01636  00E8CD  4C 23 E9      .DONEG1             JMP     .DONEG              ;Check negative flag & we're done
01637  00E8D0  4C CE F4      .RANGE              JMP     RANGE_ERROR         ;Exit with range error
01638  
01639  
01640  ;------------------------------------------------------------------------
01641  ; Convert ASCII a binary number eg %..1.01.. 
01642  ;------------------------------------------------------------------------
01643  00E8D3  C9 25         .BIN                CMP     #'%'                ;Is it a binary number?
01644  00E8D5  D0 38                             BNE     .PASC               ;Nope!
01645  00E8D7  E8            .BINLOOP            INX                         ;Point to next char
01646  00E8D8  B5 19                             LDA     IN,X                ; and get it
01647  00E8DA  C9 2E                             CMP     #'.'                ;Ignore dots (for human eyes only)
01648  00E8DC  F0 F9                             BEQ     .BINLOOP
01649  00E8DE  49 30                             EOR     #'0'                ;Ignore ASCII part
01650  00E8E0  4A                                LSR                         ;Shift bit to Carry
01651  00E8E1  D0 0A                             BNE     .EXIT               ;End of binary number
01652  00E8E3  26 D2                             ROL     HEXVAL              ;Roll new bit into end result
01653  00E8E5  26 D3                             ROL     HEXVAL+1
01654  00E8E7  B0 E7                             BCS     .RANGE              ;Range error!
01655  00E8E9  E6 D1                             INC     DELIM               ;Signal that bits were entered
01656  00E8EB  80 EA                             BRA     .BINLOOP            ;Always taken! (reasonably)
01657  
01658  00E8ED  A5 D1         .EXIT               LDA     DELIM               ;Was a number entered?
01659  00E8EF  D0 32                             BNE     .DONEG              ;Yes! Check negative flag now
01660  00E8F1  4C 67 F2                          JMP     DIR_OPE             ;Exit with operand error
01661  
01662  
01663  ;------------------------------------------------------------------------
01664  ; Now it must be a label!
01665  ;------------------------------------------------------------------------
01666  00E8F4  20 51 F3      .LABEL              JSR     FIND_LABEL          ;Find this label
01667  00E8F7  B0 13                             BCS     .OPE_ERROR          ;Exit with operand error!
01668  00E8F9  F0 09                             BEQ     .NOT_FOUND          ;Label not found!
01669  00E8FB  A5 B5                             LDA     LABEL_FLAG          ;Copy assigned flag to
01670  00E8FD  05 C3                             ORA     FORWARD             ; forward referenced flag
01671  00E8FF  85 C3                             STA     FORWARD
01672  00E901  4C 23 E9      .LBL_EXIT           JMP     .DONEG              ;Check negative flag & we're done
01673  
01674  00E904  85 D2         .NOT_FOUND          STA     HEXVAL              ;A=0, clear hex val
01675  00E906  85 D3                             STA     HEXVAL+1
01676  00E908  C6 C2                             DEC     UNDEF               ;Set undefined label flag
01677  00E90A  D0 F5                             BNE     .LBL_EXIT           ;Always taken!
01678  
01679  
01680  ;------------------------------------------------------------------------
01681  ; It's none of the above! Operand error
01682  ;------------------------------------------------------------------------
01683  00E90C  4C 67 F2      .OPE_ERROR          JMP     DIR_OPE             ;Exit with operand error
01684  
01685  
01686  ;------------------------------------------------------------------------
01687  ; Convert a positive ASCII
01688  ;------------------------------------------------------------------------
01689  00E90F  C9 27         .PASC               CMP     #'''                ;Is it a positive ASCII?
01690  00E911  D0 07                             BNE     .NASC               ;Nope!
01691  
01692  00E913  20 33 E9                          JSR     .GETASC             ;Get ASCII character
01693  00E916  29 7F                             AND     #%01111111          ;Make it positive
01694  00E918  10 07                             BPL     .ASC_END            ;Always taken!
01695  
01696  
01697  ;------------------------------------------------------------------------
01698  ; Convert a negative ASCII
01699  ;------------------------------------------------------------------------
01700  00E91A  C9 22         .NASC               CMP     #'"'                ;Is it negative ASCII?
01701  00E91C  D0 D6                             BNE     .LABEL              ;Nope!
01702  00E91E  20 33 E9                          JSR     .GETASC             ;Get ASCII character
01703  00E921  85 D2         .ASC_END            STA     HEXVAL              ;And save it
01704                                                  ;Falls through to .DONEG
01705  
01706  
01707  ;------------------------------------------------------------------------
01708  ; Check negative flag and we're done
01709  ;------------------------------------------------------------------------
01710  00E923  A5 CF         .DONEG              LDA     NEG_FLAG            ;Is the negative flag set?
01711  00E925  F0 03                             BEQ     .RTS                ;Nope!
01712  00E927  20 8A EA                          JSR     NEGATE              ;Make hexval negative;
01713  
01714  00E92A  A5 C9         .RTS                LDA     ERROR               ;Set error flag upon exit
01715  00E92C  08                                PHP                         ;Save status
01716  00E92D  A5 D3                             LDA     HEXVAL+1            ;Preload new value
01717  00E92F  A4 D2                             LDY     HEXVAL
01718  00E931  28                                PLP                         ;Restore status
01719  00E932  60                                RTS
01720  
01721  
01722  ;------------------------------------------------------------------------
01723  ;Get input until delimiter
01724  ;------------------------------------------------------------------------
01725  00E933  85 D1         .GETASC             STA     DELIM               ;Save delimiter char ( ' or ' )
01726  00E935  E8                                INX                         ;Point to actual ASCII character
01727  00E936  B5 19                             LDA     IN,X                ; and get it
01728  00E938  C9 0D                             CMP     #CR                 ;Replace CR by a space
01729  00E93A  D0 02                             BNE     .NOTCR              ;Don't bother!
01730  00E93C  A9 20                             LDA     #SP
01731  00E93E  A8            .NOTCR              TAY                         ;Temporarily save character
01732  00E93F  E8                                INX                         ;See if ASCII is terminated by
01733  00E940  B5 19                             LDA     IN,X                ; delimiter
01734  00E942  C5 D1                             CMP     DELIM
01735  00E944  D0 01                             BNE     .DELIM              ;No, don't bother to increment
01736  00E946  E8                                INX                         ; pointer once more
01737  00E947  98            .DELIM              TYA                         ;Get character back
01738  00E948  60                                RTS
01739  
01740  
01741  ;------------------------------------------------------------------------
01742  ; Get expression 
01743  ;------------------------------------------------------------------------
01744  00E949  20 42 E8      GET_EXPRES          JSR     GET_VAL             ;Get value A=hi Y=lo address
01745  00E94C  D0 1E                             BNE     .RTS                ;An error occurred!
01746  00E94E  85 D9         .NEXT               STA     EXP_SAVE+1          ;Save this value for later
01747  00E950  84 D8                             STY     EXP_SAVE
01748  00E952  B5 19                             LDA     IN,X                ;Did an operator follow the value?
01749  00E954  E8                                INX
01750  00E955  C9 2B                             CMP     #'+'
01751  00E957  F0 14                             BEQ     .ADD                ;Addition!
01752  00E959  C9 2D                             CMP     #'-'
01753  00E95B  F0 26                             BEQ     .SUB                ;Subtraction!
01754  00E95D  C9 2A                             CMP     #'*'
01755  00E95F  F0 38                             BEQ     .MUL                ;Multiplication!
01756  00E961  C9 2F                             CMP     #'/'
01757  00E963  F0 63                             BEQ     .DIV                ;Division!
01758  00E965  CA                                DEX                         ;End of expression. One too far
01759  00E966  A5 D3                             LDA     HEXVAL+1            ;Load value now
01760  00E968  A4 D2                             LDY     HEXVAL
01761  00E96A  C4 D2                             CPY     HEXVAL              ;Make Z=1 (No errors)
01762  00E96C  60            .RTS                RTS                         ;None of the above! We're done!
01763  00E96D  20 42 E8      .ADD                JSR     GET_VAL             ;Get next value
01764  00E970  D0 FA                             BNE     .RTS                ;An error occurred!
01765  00E972  18                                CLC                         ;Perform add function
01766  00E973  A5 D2                             LDA     HEXVAL
01767  00E975  65 D8                             ADC     EXP_SAVE
01768  00E977  85 D2                             STA     HEXVAL
01769  00E979  A8                                TAY
01770  00E97A  A5 D3                             LDA     HEXVAL+1
01771  00E97C  65 D9                             ADC     EXP_SAVE+1
01772  00E97E  85 D3                             STA     HEXVAL+1
01773  00E980  4C 4E E9                          JMP     .NEXT               ;More operands can follow
01774  00E983  20 42 E8      .SUB                JSR     GET_VAL             ;Get next value
01775  00E986  D0 E4                             BNE     .RTS                ;An error occurred!
01776  00E988  38                                SEC                         ;Perform subtract function
01777  00E989  A5 D8                             LDA     EXP_SAVE
01778  00E98B  E5 D2                             SBC     HEXVAL
01779  00E98D  85 D2                             STA     HEXVAL
01780  00E98F  A8                                TAY
01781  00E990  A5 D9                             LDA     EXP_SAVE+1
01782  00E992  E5 D3                             SBC     HEXVAL+1
01783  00E994  85 D3                             STA     HEXVAL+1
01784  00E996  4C 4E E9                          JMP     .NEXT               ;More operands can follow!
01785  00E999  20 42 E8      .MUL                JSR     GET_VAL             ;Get next value
01786  00E99C  D0 CE                             BNE     .RTS                ;An error occurred!
01787  00E99E  64 D6                             STZ     MULDIV              ;Clear temp result
01788  00E9A0  64 D7                             STZ     MULDIV+1
01789  00E9A2  A0 10                             LDY     #16                 ;Do 16-bit multiply
01790  00E9A4  A5 D2         .MULLOOP            LDA     HEXVAL              ;Get LSB of operand 2 in carry
01791  00E9A6  4A                                LSR
01792  00E9A7  90 0D                             BCC     .MULZERO            ;Multiply by 0! Forget about it
01793  00E9A9  18                                CLC                         ;Add shifted operand 1 to temp
01794  00E9AA  A5 D6                             LDA     MULDIV
01795  00E9AC  65 D8                             ADC     EXP_SAVE
01796  00E9AE  85 D6                             STA     MULDIV
01797  00E9B0  A5 D7                             LDA     MULDIV+1
01798  00E9B2  65 D9                             ADC     EXP_SAVE+1
01799  00E9B4  85 D7                             STA     MULDIV+1
01800  00E9B6  66 D7         .MULZERO            ROR     MULDIV+1            ;Roll temp result bit into
01801  00E9B8  66 D6                             ROR     MULDIV              ; end result
01802  00E9BA  66 D3                             ROR     HEXVAL+1
01803  00E9BC  66 D2                             ROR     HEXVAL
01804  00E9BE  88                                DEY
01805  00E9BF  D0 E3                             BNE     .MULLOOP            ;Do all 16 bits!
01806  00E9C1  A4 D2                             LDY     HEXVAL              ;Preload the value
01807  00E9C3  A5 D3                             LDA     HEXVAL+1
01808  00E9C5  4C 4E E9                          JMP     .NEXT               ;More operands can follow!
01809  00E9C8  20 42 E8      .DIV                JSR     GET_VAL             ;Get next value
01810  00E9CB  D0 9F                             BNE     .RTS                ;An error occurred
01811  00E9CD  A5 D2                             LDA     HEXVAL              ;Avoid divide by 0
01812  00E9CF  05 D3                             ORA     HEXVAL+1
01813  00E9D1  F0 31                             BEQ     .DIVERR             ;It is divide by 0!
01814  00E9D3  64 D6                             STZ     MULDIV              ;Clear temp result
01815  00E9D5  64 D7                             STZ     MULDIV+1           
01816  00E9D7  A0 10                             LDY     #16                 ;Do 16-bit multiply
01817  00E9D9  06 D8         .DIVLOOP            ASL     EXP_SAVE            ;Roll 1 bit out of operand 1
01818  00E9DB  26 D9                             ROL     EXP_SAVE+1
01819  00E9DD  26 D6                             ROL     MULDIV
01820  00E9DF  26 D7                             ROL     MULDIV+1
01821  00E9E1  38                                SEC                         ; Does operand 2 go into temp?
01822  00E9E2  A5 D6                             LDA     MULDIV
01823  00E9E4  E5 D2                             SBC     HEXVAL
01824  00E9E6  85 E7                             STA     TEMP1               ; OPTIMIZATION: Save trial low byte to Zero Page
01825  00E9E8  A5 D7                             LDA     MULDIV+1
01826  00E9EA  E5 D3                             SBC     HEXVAL+1
01827  00E9EC  90 08                             BCC     .DIVSKIP            ; It didn't go! Skip updating MULDIV
01828  00E9EE  E6 D8                             INC     EXP_SAVE            ; It went! Set low bit of quotient
01829  00E9F0  85 D7                             STA     MULDIV+1            ; Save new high byte
01830  00E9F2  A5 E7                             LDA     TEMP1               ; Retrieve trial low byte from ZP
01831  00E9F4  85 D6                             STA     MULDIV              ; Save new low byte
01832  00E9F6  88            .DIVSKIP            DEY
01833  00E9F7  D0 E0                             BNE     .DIVLOOP            ; Do all 16 bits!
01834  00E9F9  A4 D8                             LDY     EXP_SAVE            ;Preload the value
01835  00E9FB  84 D2                             STY     HEXVAL
01836  00E9FD  A5 D9                             LDA     EXP_SAVE+1
01837  00E9FF  85 D3                             STA     HEXVAL+1
01838  00EA01  4C 4E E9      .NEXT_STEP          JMP     .NEXT               ;More operands can follow!
01839  00EA04  A5 B0         .DIVERR             LDA     PASS                ;Ignore div 0 during pass 1
01840  00EA06  F0 F9                             BEQ     .NEXT_STEP          ;It is pass 0!
01841  00EA08  A9 44                             LDA     #ERR_DIV            ;Exit with divide by 0 error
01842  00EA0A  85 C9                             STA     ERROR
01843  00EA0C  60                                RTS
01844  
01845  
01846  ;------------------------------------------------------------------------
01847  ; Print decimal number and/or write value to IN,X 
01848  ; HEXVAL  holds the value to be printed 16bit wide
01849  ;------------------------------------------------------------------------
01850  00EA0D  A4 D2         PRDECI_HEXVAL       LDY     HEXVAL              ;Copy value to work registers
01851  00EA0F  A5 D3                             LDA     HEXVAL+1
01852  
01853  
01854  ;------------------------------------------------------------------------
01855  ; Print decimal number and/or write value to IN,X 
01856  ; A & Y  holds the value to be printed 16bit wide
01857  ;------------------------------------------------------------------------
01858  00EA11  84 D8         WRDECI              STY     EXP_SAVE            ;           
01859  00EA13  85 D9                             STA     EXP_SAVE+1
01860  00EA15  A0 04                             LDY     #4                  ;A maximum of 5 decades and 4
01861  00EA17  64 D4                             STZ     LEAD0               ; leading zeroes
01862  00EA19  A9 30         .DECLOOP            LDA     #'0'                ;Start with 0
01863  00EA1B  85 D5                             STA     CHAR
01864  00EA1D  A5 D8         .LOOP               LDA     EXP_SAVE            ;Try to subtract decade from
01865  00EA1F  D9 54 EA                          CMP     .DECIL,Y            ; value
01866  00EA22  A5 D9                             LDA     EXP_SAVE+1
01867  00EA24  F9 59 EA                          SBC     .DECIH,Y
01868  00EA27  90 0D                             BCC     .DONE               ;Didn't go! Done this decade
01869  00EA29  85 D9                             STA     EXP_SAVE+1          ;Save new intermediate result
01870  00EA2B  A5 D8                             LDA     EXP_SAVE
01871  00EA2D  F9 54 EA                          SBC     .DECIL,Y
01872  00EA30  85 D8                             STA     EXP_SAVE
01873  00EA32  E6 D5                             INC     CHAR                ;Increment counter
01874  00EA34  D0 E7                             BNE     .LOOP
01875  00EA36  A5 D5         .DONE               LDA     CHAR                ;Get decade character
01876  00EA38  C8                                INY                         ;Last digit?
01877  00EA39  88                                DEY
01878  00EA3A  F0 0A                             BEQ     .PRINT              ;Yes! Simply print it
01879  00EA3C  C9 30                             CMP     #'0'                ;Is it a 0?
01880  00EA3E  F0 02                             BEQ     .LEAD0              ;Yep!
01881  00EA40  C6 D4                             DEC     LEAD0               ;B7=1, no more leading zeroes
01882  00EA42  24 D4         .LEAD0              BIT     LEAD0               ;Still leading zeroes?
01883  00EA44  10 0A                             BPL     .NEXT               ;Yes! Skip them
01884  00EA46  20 98 FB      .PRINT              JSR     WRCHAR              ;Print character
01885  00EA49  24 ED                             BIT     AUTO_FLAG           ;Auto line number?
01886  00EA4B  10 03                             BPL     .NEXT               ;Nope!
01887  00EA4D  95 19                             STA     IN,X                ;Save character in input line
01888  00EA4F  E8                                INX
01889  00EA50  88            .NEXT               DEY                         ;Do all 5 digits (except the LSD)
01890  00EA51  10 C6                             BPL     .DECLOOP            ;Not done them all yet!
01891  00EA53  60                                RTS
01892  
01893  .DECIL          .BYTE     $01,$0a,$64,$e8,$10
01894  .DECIH          .BYTE     $00,$00,$00,$03,$27
01895  
01896  
01897  ;------------------------------------------------------------------------
01898  ; Check object if code was generated
01899  ;------------------------------------------------------------------------
01900  ;CHECK_OBJ           CLC
01901  ;                    LDA     TA                  ;See if code was generated
01902  ;                    EOR     TA_BEGIN
01903  ;                    BEQ     .NOK            ;no code        
01904  ;                    BRA     .CODE
01905  ;.NOK                LDA     TA+1            ;what about high byte   
01906  ;                    EOR     TA_BEGIN+1
01907  ;                    BEQ     .CHECK_OBJ_RTS      ; No code!                           
01908  ;.CODE               SEC         
01909  ;.CHECK_OBJ_RTS      RTS
01910  
01911  
01912  ;------------------------------------------------------------------------
01913  ; Print object range
01914  ;------------------------------------------------------------------------
01915  00EA5E  A5 BB         PRINT_OBJ           LDA     TA                  ;See if code was generated
01916  00EA60  45 BD                             EOR     TA_BEGIN
01917  00EA62  D0 06                             BNE     .OK         ;no code 
01918  00EA64  A5 BC                             LDA     TA+1
01919  00EA66  45 BE                             EOR     TA_BEGIN+1
01920  00EA68  F0 1F                             BEQ     .PRINT_OBJ_RTS      ;No code!
01921  00EA6A  A9 2B         .OK                 LDA     #CODE_ORG
01922  00EA6C  20 EC E6                          JSR     PRINT_MSGS
01923  00EA6F  A4 BD                             LDY     TA_BEGIN            ;First print begin address
01924  00EA71  A5 BE                             LDA     TA_BEGIN+1
01925  00EA73  20 D7 FB                          JSR     WRWORD 
01926  00EA76  20 81 FB                          JSR     WRDOT
01927  00EA79  38                                SEC                         ;Then print end address
01928  00EA7A  A5 BC                             LDA     TA+1                ; (but this time one less)
01929  00EA7C  A4 BB                             LDY     TA
01930  00EA7E  D0 02                             BNE     .NOBOR              ;No borrow from high byte
01931  00EA80  E9 01                             SBC     #1
01932  00EA82  88            .NOBOR              DEY                         ;Decrement low byte
01933  00EA83  20 D7 FB                          JSR     WRWORD 
01934  00EA86  4C 91 FB                          JMP     WRCRLF              ;Followed by CR
01935  00EA89  60            .PRINT_OBJ_RTS      RTS
01936  
01937  
01938  ;------------------------------------------------------------------------
01939  ; Make HEXVAL negative
01940  ;------------------------------------------------------------------------
01941  ;NEGATE              LDA     HEXVAL              ;Negate value
01942   ;                   EOR     #$FF
01943   ;                   STA     HEXVAL
01944   ;                   LDA     HEXVAL+1
01945   ;                   EOR     #$FF
01946   ;                   INC     HEXVAL
01947  ;                   BNE     .RTS                ;No carry to high byte!
01948                      ;INC                        ;?????????????? 
01949  ;.RTS                STA     HEXVAL+1
01950  ;                    RTS
01951  00EA8A  38            NEGATE          	SEC
01952  00EA8B  A9 00                         	LDA     #0
01953  00EA8D  E5 D2                         	SBC     HEXVAL
01954  00EA8F  85 D2                         	STA     HEXVAL
01955  00EA91  A9 00                         	LDA     #0
01956  00EA93  E5 D3                         	SBC     HEXVAL+1
01957  00EA95  85 D3                         	STA     HEXVAL+1
01958  00EA97  60                            	RTS
01959  
01960  ;------------------------------------------------------------------------
01961  ; Auto line numbering
01962  ; Increment is done once line is accepted
01963  ;------------------------------------------------------------------------
01964  00EA98  24 ED         AUTONUM             BIT     AUTO_FLAG           ;geneterate next line number
01965                                                  ;Is auto line number enabled?
01966  00EA9A  10 11                             BPL     .RTS                ;Nope!
01967  00EA9C  A5 EA                             LDA     AUTO                ;Setup next line number
01968  00EA9E  85 D2                             STA     HEXVAL
01969  00EAA0  A5 EB                             LDA     AUTO+1
01970  00EAA2  85 D3                             STA     HEXVAL+1
01971  00EAA4  20 0D EA                          JSR     PRDECI_HEXVAL       ;Print decimal value
01972  00EAA7  20 8D FB                          JSR     WRSPACE             ;Followed by a space
01973  00EAAA  95 19                             STA     IN,X
01974  00EAAC  E8                                INX
01975  00EAAD  60            .RTS                RTS
01976  
01977  
01978  ;------------------------------------------------------------------------
01979  ; Auto command
01980  ;------------------------------------------------------------------------
01981  00EAAE  F0 2F         CMD_AUT             BEQ     SET                 ;Nope!
01982  00EAB0  C9 2C                             CMP     #','                ;Is line number given?
01983  00EAB2  F0 1E                             BEQ     .INC                ;Nope!
01984  00EAB4  20 42 E8                          JSR     GET_VAL             ;Get the line number value
01985  00EAB7  D0 28                             BNE     _RTS                ;An error occurred!
01986  00EAB9  84 EA                             STY     AUTO                ;Save new value
01987  00EABB  85 EB                             STA     AUTO+1
01988  00EABD  A9 00                             LDA     #AUTOTEXT
01989  00EABF  20 EC E6                          JSR     PRINT_MSGS
01990  00EAC2  A4 EA                             LDY     AUTO
01991  00EAC4  A5 EB                             LDA     AUTO+1
01992  00EAC6  20 11 EA                          JSR     WRDECI  
01993  00EAC9  20 AD FB                          JSR     DRAWLINECR          ;draw line                                              
01994  00EACC  B5 19                             LDA     IN,X                ;Does the increment follow?
01995  00EACE  C9 2C                             CMP     #','
01996  00EAD0  D0 0D                             BNE     SET                 ;Nope!
01997  00EAD2  E8            .INC                INX
01998  00EAD3  20 42 E8                          JSR     GET_VAL             ;Get the increment value
01999  00EAD6  D0 09                             BNE     _RTS                ;An error occurred!
02000  00EAD8  C0 00                             CPY     #0                  ;Inc of 0 not allowed
02001  00EADA  D0 01                             BNE     .NOT0               ;It is not 0!
02002  00EADC  C8                                INY                         ;Zero was not allowed
02003  00EADD  84 EC         .NOT0               STY     AUTO_INC            ;Save increment
02004  00EADF  C6 ED         SET                 DEC     AUTO_FLAG           ;Make b7=1 (It was 0 before!)   
02005  00EAE1  60            _RTS                RTS
02006  
02007  
02008  ;------------------------------------------------------------------------
02009  ; Copy command
02010  ;------------------------------------------------------------------------
02011  00EAE2  84 C2         CMD_COP             STY     UNDEF               ;Clear undefined label flag
02012  00EAE4  20 17 EB                          JSR     .GETVAL             ;Get Source
02013  00EAE7  F0 57                             BEQ     ERROR_MISSING       ;Missing parameter!
02014  00EAE9  84 DF                             STY     SRCE
02015  00EAEB  A5 D3                             LDA     HEXVAL+1
02016  00EAED  85 E0                             STA     SRCE+1
02017  00EAEF  20 17 EB                          JSR     .GETVAL             ;Get Destination
02018  00EAF2  F0 4C                             BEQ     ERROR_MISSING       ;Missing parameter!
02019  00EAF4  84 E1                             STY     DEST
02020  00EAF6  A5 D3                             LDA     HEXVAL+1
02021  00EAF8  85 E2                             STA     DEST+1
02022  00EAFA  20 17 EB                          JSR     .GETVAL             ;Get length
02023  00EAFD  84 DD                             STY     LENG
02024  00EAFF  A5 D3                             LDA     HEXVAL+1
02025  00EB01  85 DE                             STA     LENG+1
02026  00EB03  05 DD                             ORA     LENG
02027  00EB05  F0 29                             BEQ     .RTS                ;Length is 0! We're done    
02028  00EB07  A5 DF                             LDA     SRCE                ;Copy up or down?
02029  00EB09  C5 E1                             CMP     DEST
02030  00EB0B  A5 E0                             LDA     SRCE+1
02031  00EB0D  E5 E2                             SBC     DEST+1
02032  00EB0F  90 03                             BCC     .MOVEUP             ;Move up!
02033  00EB11  4C A1 E6                          JMP     MOV_DOWN            ;Move memory block down
02034  00EB14  4C C2 E6      .MOVEUP             JMP     MOV_UP              ;Move memory block up
02035  00EB17  20 0A E8      .GETVAL             JSR     NNONSPC             ;See if end of line
02036  00EB1A  F0 15                             BEQ     .MIS                ;Yes!
02037  00EB1C  20 49 E9                          JSR     GET_EXPRES          ;Get value
02038  00EB1F  D0 17                             BNE     _ERROR              ;An error occurred
02039  00EB21  A5 C2                             LDA     UNDEF               ;Undefined label used?
02040  00EB23  D0 0F                             BNE     .UNDEF              ;Yes!
02041  00EB25  B5 19                             LDA     IN,X
02042  00EB27  C9 0D                             CMP     #CR                 ;End of line?
02043  00EB29  F0 05                             BEQ     .RTS                ;Yes! Z=1 now!
02044  00EB2B  C9 2C                             CMP     #','                ;Must be a comma now
02045  00EB2D  D0 02                             BNE     .MIS                ;It's not!
02046  00EB2F  E8                                INX                         ;Z=0 now!
02047  00EB30  60            .RTS                RTS
02048  
02049  00EB31  A9 26         .MIS                LDA     #ERR_MIS            ;Exit with missing error
02050                      .DB $2C                     ;save a byte
02051                                                  ;Always taken
02052  00EB34  A9 5E         .UNDEF              LDA     #ERR_DEF            ;Exit with undefined label
02053  00EB36  85 C9         .SKIP               STA     ERROR
02054  00EB38  68            _ERROR              PLA                         ;Pull return address from stack
02055  00EB39  68                                PLA
02056  00EB3A  60                                RTS
02057  
02058  
02059  ;------------------------------------------------------------------------
02060  ; Erase command - erase  line from editer
02061  ;------------------------------------------------------------------------
02062  
02063  00EB3B  20 C4 EB      CMD_ERASE           JSR     BEG_END             ;Get begin and end line parameters
02064  00EB3E  B0 41                             BCS     DELETE              ;Parameters given! Do delete
02065  
02066  00EB40  A9 26         ERROR_MISSING       LDA     #ERR_MIS            ;Exit with missing parameter
02067  00EB42  85 C9                             STA     ERROR
02068  00EB44  60            ERASE_RTS           RTS
02069  
02070  
02071  ;------------------------------------------------------------------------
02072  ;Fill F start range value
02073  ;------------------------------------------------------------------------ 
02074  00EB45  20 42 E8      CMD_FILL            JSR     GET_VAL         ;Fill Memory Command 
02075                      ;BCS    ERROR_MISSING
02076  00EB48  84 F6         .OK                 STY     HIMEM           ;Get start address
02077  00EB4A  85 F7                             STA     HIMEM+1  
02078  00EB4C  E8                                INX
02079  00EB4D  20 42 E8                          JSR     GET_VAL             ;Get RANGE 
02080  00EB50  84 DD                             STY     LENG
02081  00EB52  85 DE                             STA     LENG+1
02082  00EB54  E8                                INX
02083  00EB55  20 42 E8                          JSR     GET_VAL             ;FILL value
02084  00EB58  98                                TYA 
02085  00EB59  A6 DE         .USERFILL           LDX     LENG+1      
02086  00EB5B  F0 0F                             BEQ     .FILEFT     
02087  00EB5D  A0 00                             LDY     #$00        
02088  00EB5F  20 3D E8      .PGFILL             JSR     PROBE
02089  00EB62  D0 18                             BNE     .WRERROR    
02090  00EB64  C8                                INY                 
02091  00EB65  D0 F8                             BNE     .PGFILL     
02092  00EB67  E6 F7                             INC     HIMEM+1   
02093  00EB69  CA                                DEX           
02094  00EB6A  D0 F3                             BNE     .PGFILL   
02095  00EB6C  A6 DD         .FILEFT             LDX     LENG    
02096  00EB6E  F0 0B                             BEQ     .DONEFILL 
02097  00EB70  A0 00                             LDY     #$00     
02098  00EB72  20 3D E8      .FILAST             JSR     PROBE
02099  00EB75  D0 05                             BNE     .WRERROR
02100  00EB77  C8                                INY           
02101  00EB78  CA                                DEX           
02102  00EB79  D0 F7                             BNE     .FILAST   
02103  00EB7B  60            .DONEFILL           RTS             
02104  00EB7C  A9 A9         .WRERROR            LDA     #ERR_WRT                    
02105  00EB7E  85 C9                             STA     ERROR           
02106  00EB80  60                                RTS                 
02107  
02108  
02109  ;------------------------------------------------------------------------
02110  ; Delete block of lines from the source code
02111  ;------------------------------------------------------------------------
02112  00EB81  A5 CD         DELETE              LDA     PARM2               ;Don't delete anything if
02113  00EB83  C5 CB                             CMP     PARM1               ; begin > end
02114  00EB85  A5 CE                             LDA     PARM2+1
02115  00EB87  E5 CC                             SBC     PARM1+1
02116  00EB89  90 B9                             BCC     ERASE_RTS           ;Begin is indeed > end!
02117  00EB8B  A0 CB                             LDY     #PARM1              ;Find this line number
02118  00EB8D  20 67 F0                          JSR     FIND_LINE
02119  00EB90  90 B2                             BCC     ERASE_RTS           ;EOF reached! Line not found
02120  00EB92  A5 B6                             LDA     PNTR                ;Current pointer is going to be
02121  00EB94  85 E1                             STA     DEST                ; the move's destination anyway
02122  00EB96  A5 B7                             LDA     PNTR+1
02123  00EB98  85 E2                             STA     DEST+1
02124  00EB9A  A0 01         .LOOP               LDY     #1                  ;See if we're already past end
02125  00EB9C  A5 CD                             LDA     PARM2
02126  00EB9E  D1 B6                             CMP     (PNTR),Y
02127  00EBA0  C8                                INY
02128  00EBA1  A5 CE                             LDA     PARM2+1
02129  00EBA3  F1 B6                             SBC     (PNTR),Y
02130  00EBA5  90 05                             BCC     .FOUNDEND           ;Yes!
02131  00EBA7  20 92 F0                          JSR     NEXT_LINE           ;Find next line
02132  00EBAA  D0 EE                             BNE     .LOOP               ;Do until end line found!
02133  00EBAC  A5 B6         .FOUNDEND           LDA     PNTR                ;This pointer is going to be
02134  00EBAE  85 DF                             STA     SRCE                ; the source
02135  00EBB0  45 E1                             EOR     DEST                ;And see if source and dest are
02136  00EBB2  85 D0                             STA     COUNT               ; the same
02137  00EBB4  A5 B7                             LDA     PNTR+1
02138  00EBB6  85 E0                             STA     SRCE+1
02139  00EBB8  45 E2                             EOR     DEST+1
02140  00EBBA  05 D0                             ORA     COUNT
02141  00EBBC  F0 86                             BEQ     ERASE_RTS           ;They are the same! Why bother
02142  00EBBE  20 34 F0                          JSR     CALC_LENG           ;Calculate number of bytes to move
02143  00EBC1  4C A1 E6                          JMP     MOV_DOWN            ;Move from next line to end down
02144  
02145  
02146  ;------------------------------------------------------------------------
02147  ; Get begin and end line number from user
02148  ;------------------------------------------------------------------------
02149  00EBC4  84 CA         BEG_END             STY     DUMP                ;Disable dump mode
02150  00EBC6  84 CB                             STY     PARM1               ;Set default begin and end lines
02151  00EBC8  84 CC                             STY     PARM1+1             ; Y=0
02152  00EBCA  88                                DEY
02153  00EBCB  84 CD                             STY     PARM2
02154  00EBCD  84 CE                             STY     PARM2+1
02155  00EBCF  20 0A E8                          JSR     NNONSPC             ;Are there any parameters?
02156  00EBD2  F0 2E                             BEQ     .NOPARM             ;No parameters given!
02157  00EBD4  C9 44                             CMP     #'D'                ;Dump mode?
02158  00EBD6  F0 28                             BEQ     .DUMP               ;Yes!       
02159  00EBD8  C9 2C                             CMP     #','                ;Is begin line given?
02160  00EBDA  F0 17                             BEQ     .ENDLIN             ;Nope!
02161  00EBDC  20 42 E8                          JSR     GET_VAL             ;Get begin line number
02162  00EBDF  D0 1C                             BNE     .ERRORLB            ;An error occurred
02163  00EBE1  84 CB                             STY     PARM1               ;Save begin line number
02164  00EBE3  85 CC                             STA     PARM1+1 
02165  00EBE5  B5 19                             LDA     IN,X                ;Does the end line number follow?
02166  00EBE7  C9 2C                             CMP     #','
02167  00EBE9  F0 08                             BEQ     .ENDLIN             ;Yes! Get it
02168  00EBEB  A5 D3                             LDA     HEXVAL+1            ;If not make begin = end
02169  00EBED  85 CE         .SAVE_DONE          STA     PARM2+1
02170  00EBEF  84 CD                             STY     PARM2
02171  00EBF1  38            .DONE               SEC                         ;Indicate parameter given
02172  00EBF2  60                                RTS
02173  
02174  00EBF3  20 0D EF      .ENDLIN             JSR     IN_BLANK            ;Get next and see if it's blank
02175  00EBF6  F0 F9                             BEQ     .DONE               ;EOL! No line number
02176  00EBF8  20 42 E8                          JSR     GET_VAL
02177  00EBFB  F0 F0                             BEQ     .SAVE_DONE          ;No error occurred
02178  00EBFD  68            .ERRORLB            PLA                         ;An error occurred, pop return
02179  00EBFE  68                                PLA                         ; address from stack
02180  00EBFF  60                                RTS
02181  
02182  00EC00  85 CA         .DUMP               STA     DUMP                ;Activate dump mode and CY=0
02183  00EC02  18            .NOPARM             CLC                         ;Indicate no parameters are given
02184  00EC03  60                                RTS                         ; (DEL requires them!)
02185  
02186  
02187  ;------------------------------------------------------------------------
02188  ; LIST command
02189  ;------------------------------------------------------------------------
02190  00EC04  20 C4 EB      CMD_LST             JSR     BEG_END             ;Command List 
02191                                                  ;Get begin and end line parameters
02192  00EC07  A0 CB                             LDY     #PARM1              ;Find first line
02193  00EC09  20 67 F0                          JSR     FIND_LINE
02194  00EC0C  20 E4 FB      .LOOP               JSR     SCAN_ESC            ;SCAN_ESC if key pressed
02195  00EC0F  F0 3E                             BEQ     DORTS               ;ESC pressed!
02196  00EC11  A0 00                             LDY     #0                  ;Check EOF
02197  00EC13  B1 B6                             LDA     (PNTR),Y
02198  00EC15  F0 38                             BEQ     DORTS               ;Yes!
02199  00EC17  C8                                INY                         ;See if we're past end line
02200  00EC18  38                                SEC
02201  00EC19  B1 B6                             LDA     (PNTR),Y
02202  00EC1B  85 D2                             STA     HEXVAL
02203  00EC1D  E5 CD                             SBC     PARM2
02204  00EC1F  85 D1                             STA     DELIM               ;Used to see if equal
02205  00EC21  C8                                INY
02206  00EC22  B1 B6                             LDA     (PNTR),Y
02207  00EC24  85 D3                             STA     HEXVAL+1
02208  00EC26  E5 CE                             SBC     PARM2+1
02209  00EC28  05 D1                             ORA     DELIM
02210  00EC2A  F0 02                             BEQ     .EQUAL              ;Hey, last line to list!
02211  00EC2C  B0 21                             BCS     DORTS               ;We're done!
02212  
02213  00EC2E  A5 CA         .EQUAL              LDA     DUMP                ;Dump mode?
02214  00EC30  D0 06                             BNE     .SKIP               ;Yes! Skip line number printing
02215  00EC32  20 0D EA                          JSR     PRDECI_HEXVAL
02216  00EC35  20 8D FB                          JSR     WRSPACE
02217  
02218  00EC38  20 A2 F0      .SKIP               JSR     UNPACK_IN           ;Unpack current line into keyboard buffer
02219  00EC3B  A2 00                             LDX     #0                  ;Print the entire unpacked line
02220  00EC3D  B5 19         .PRINT              LDA     IN,X
02221  00EC3F  E8                                INX
02222  00EC40  20 98 FB                          JSR     WRCHAR
02223  00EC43  C9 0D                             CMP     #CR                 ;End of line?
02224  00EC45  D0 F6                             BNE     .PRINT              ;Not yet!
02225  00EC47  20 96 FB                          JSR     WRLF                ;New line on screen 
02226  00EC4A  20 92 F0                          JSR     NEXT_LINE           ;Set pointer to next line
02227  00EC4D  D0 BD                             BNE     .LOOP               ;Repeat if not EOF!
02228  00EC4F  60            DORTS               RTS
02229  
02230  
02231  ;------------------------------------------------------------------------
02232  ; Code Clean UP command  (bug - label, then space 
02233  ;------------------------------------------------------------------------
02234  00EC50  20 C4 EB      CMD_CLEAN_CODE      JSR     BEG_END             ;Code clean Up Command       
02235  00EC53  A0 CB                             LDY     #PARM1              ;Find first line
02236  00EC55  20 67 F0                          JSR     FIND_LINE
02237  00EC58  20 E4 FB      .LOOP               JSR     SCAN_ESC                ;SCAN_ESC if key pressed
02238  00EC5B  F0 F2                             BEQ     DORTS               ;ESC pressed!
02239  00EC5D  A0 00                             LDY     #0                  ;Check EOF
02240  00EC5F  B1 B6                             LDA     (PNTR),Y
02241  00EC61  F0 EC                             BEQ     DORTS               ;Yes!
02242  00EC63  C8                                INY                         ;See if we're past end line
02243  00EC64  38                                SEC
02244  00EC65  B1 B6                             LDA     (PNTR),Y
02245  00EC67  85 D2                             STA     HEXVAL
02246  00EC69  E5 CD                             SBC     PARM2
02247  00EC6B  85 D1                             STA     DELIM               ;Used to see if equal
02248  00EC6D  C8                                INY
02249  00EC6E  B1 B6                             LDA     (PNTR),Y
02250  00EC70  85 D3                             STA     HEXVAL+1
02251  00EC72  E5 CE                             SBC     PARM2+1
02252  00EC74  05 D1                             ORA     DELIM
02253  00EC76  F0 02                             BEQ     .SCAN_LINE          ;Hey, last line to list!
02254  00EC78  B0 D5                             BCS     DORTS               ;We're done!
02255  00EC7A  A0 00         .SCAN_LINE          LDY     #0                  ;Get line length
02256  00EC7C  B1 B6                             LDA     (PNTR),Y
02257  00EC7E  38                                SEC
02258  00EC7F  E9 03                             SBC     #3                  ;Subtract length and line-num
02259  00EC81  85 D0                             STA     COUNT
02260                      
02261  00EC83  A0 03                             LDY     #3                  ;This is where the fun is
02262  00EC85  B1 B6         .LOOP_LINE          LDA     (PNTR),Y            ;Get byte from source
02263  00EC87  30 0B                             BMI     .UNPACK             ;It's a packed byte! was bpl
02264                      
02265  00EC89  C8            .SPACENFOUND        INY                         ;Point to next source byte
02266  00EC8A  C6 D0                             DEC     COUNT               ;Decrement length counter            
02267  00EC8C  D0 F7                             BNE     .LOOP_LINE          ;Not done yet!
02268              
02269  00EC8E  20 92 F0                          JSR     NEXT_LINE
02270  00EC91  D0 C5                             BNE     .LOOP
02271  00EC93  60                                RTS
02272      
02273  00EC94  29 E0         .UNPACK             AND     #%11100000          ;mask flags
02274  00EC96  C9 E0                             CMP     #%11100000
02275  00EC98  D0 EF                             BNE     .SPACENFOUND
02276  00EC9A  A9 E5                             LDA     #%11100101          ;#BUG - probably should compare if larger than 4 
02277  00EC9C  91 B6                             STA     (PNTR),Y 
02278  00EC9E  80 E9                             BRA     .SPACENFOUND
02279  
02280  
02281  ;------------------------------------------------------------------------
02282  ; MEMORY command
02283  ; Warning! Range is not checked! It's your own responsibility to set the
02284  ; range. Illegal ranges are belowe $0200, above RAM, inside own source,
02285  ; lomem => himem.
02286  ;------------------------------------------------------------------------
02287  00ECA0  F0 26         CMD_MEM             BEQ     SHOWMEM             ;Yes! Set Lomem,Himem
02288  00ECA2  B5 19                             LDA     IN,X                ;Is lomem given?
02289  00ECA4  C9 2C                             CMP     #','
02290  00ECA6  F0 0F                             BEQ     .HIMEM              ;Nope!
02291      
02292  00ECA8  20 42 E8                          JSR     GET_VAL             ;Get lomem value
02293  00ECAB  D0 A2                             BNE     DORTS               ;An error occurred!
02294  00ECAD  84 F4                             STY     LOMEM               ;Copy new lomem value
02295  00ECAF  85 F5                             STA     LOMEM+1
02296      
02297  00ECB1  B5 19                             LDA     IN,X                ;Is highmem given? (soft)
02298  00ECB3  C9 2C                             CMP     #','
02299  00ECB5  D0 0A                             BNE     .DONE               ;Nope! Leave it
02300  
02301  00ECB7  E8            .HIMEM              INX
02302  00ECB8  20 42 E8                          JSR     GET_VAL             ;Get himem value
02303  00ECBB  D0 92                             BNE     DORTS               ;An error occurred!
02304  00ECBD  84 F6                             STY     HIMEM               ;Copy new himem value
02305  00ECBF  85 F7                             STA     HIMEM+1
02306  
02307  00ECC1  A0 00         .DONE               LDY     #0                  ;Perform a new command
02308  00ECC3  84 E9                             STY     OLD_SAVE            ;However OLD will not work now
02309  00ECC5  20 B0 ED                          JSR     DONEW               ;Clear source program
02310  
02311  00ECC8  20 ED FA      SHOWMEM             JSR STRING
02312              .db $e1,$a5,$e1,$a2,$e1,$a2,$e1,$a5,$e1,$a5,$e1,$a5,$e1,$a5,$e1,$a3
02313              .db $e1,$a3,$e1,$0d,$0a,$7c,$e3,$a2,$7c,$e2,$7c,$e2,$7c,$e3,$a2,$7c
02314              .db $e5,$7c,$e5,$7c,$e3,$7c,$e1,$7c,$e2,$a1,$7c,$e2,$a1,$7c,$e1,$4c
02315              .db $4f,$57,$45,$52,$e1,$6c,$69,$6d,$69,$74,$3a,$e1,$00
02316  00ED08  A5 F5                             LDA     LOMEM+1             ;Print lomem
02317  00ED0A  A4 F4                             LDY     LOMEM
02318  00ED0C  20 D7 FB                          JSR     WRWORD              
02319  00ED0F  20 ED FA                          JSR     STRING
02320              
02321                      .DB CR,LF
02322              .DB $7c,$a2,$e3,$7c,$a1,$e3,$a1,$7c,$a2,$e3,$7c,$e1,$7c,$e1,$7c,$e1
02323              .DB $7c,$e2,$7c,$e2,$7c,$e1,$7c,$e1,$7c,$e1,$7c,$e1,$2e,$e1,$7c,$a1
02324              .DB $e2,$7c,$e1,$54,$4f,$54,$41,$4c,$e1,$52,$41,$4d,$3a,$e3,$00
02325                      
02326              
02327  00ED43  A5 F7                             LDA     HIMEM+1             ;And himem
02328  00ED45  A4 F6                             LDY     HIMEM
02329  00ED47  20 D7 FB                          JSR     WRWORD
02330  00ED4A  20 ED FA                          JSR     STRING
02331                  
02332                  .DB LF,CR
02333              .DB $7c,$a5,$7c,$e1,$7c,$a1,$7c,$e1,$7c,$a5,$7c,$a1,$7c,$a1,$7c,$a1
02334              .DB $7c,$a5,$7c,$a1,$7c,$a3,$7c,$a3,$7c,$a3,$7c,$e1,$55,$50,$50,$45
02335              .DB $52,$e1,$73,$70,$65,$6e,$74,$3a,$e1,$00
02336                  
02337      
02338  00ED79  20 54 F0                          JSR     FIND_EOFZ           ;Find end of source file
02339  00ED7C  A4 B6                             LDY     PNTR
02340  00ED7E  A5 B7                             LDA     PNTR+1                
02341  00ED80  20 D7 FB                          JSR     WRWORD
02342  00ED83  20 ED FA                          JSR     STRING
02343                      
02344              .ASCII  LF,CR 
02345              .ASCII "All rights reserved v2.10",CR,LF,EOS
02346  
02347  .PRWORDCR           ;JSR     WRWORD
02348  00EDA4  60                                RTS
02349  
02350  ;------------------------------------------------------------------------
02351  ; NEW command (or N -f force)
02352  ;------------------------------------------------------------------------
02353  00EDA5  20 0A E8      CMD_NEW             JSR     NNONSPC         ;if there's value after N
02354  00EDA8  D0 06                             BNE     DONEW
02355  00EDAA  B1 F4                             LDA     (LOMEM),Y           ;Save first byte of program (OLD)
02356  00EDAC  F0 13                             BEQ     RTS_MEM             ;But don't do it if already 0!
02357  00EDAE  85 E9                             STA     OLD_SAVE
02358  
02359  00EDB0  98            DONEW               TYA                         ;Make A=0
02360  00EDB1  91 F4                             STA     (LOMEM),Y           ;Clear first byte of program
02361  00EDB3  85 EF                             STA     SYM_TABLE+1         ;Invalidate symbol table
02362  00EDB5  A9 E8                             LDA     #<DEF_AUTO          ;Set default AUTO line number
02363  00EDB7  85 EA                             STA     AUTO
02364  00EDB9  A9 03                             LDA     #>DEF_AUTO
02365  00EDBB  85 EB                             STA     AUTO+1
02366  00EDBD  A9 0A                             LDA     #DEF_INC            ;Set default AUTO increment
02367  00EDBF  85 EC                             STA     AUTO_INC
02368  00EDC1  60            RTS_MEM             RTS
02369  
02370  ;------------------------------------------------------------------------
02371  ; OLD command 
02372  ;------------------------------------------------------------------------
02373                                      ;Save some space by omitting error
02374  00EDC2  A5 E9         CMD_OLD             LDA     OLD_SAVE            ;Is it possible to do OLD?
02375  00EDC4  F0 04                             BEQ     ._ERROR             ;OLD not possible!
02376  00EDC6  91 F4                             STA     (LOMEM),Y           ;Save old value into program
02377  00EDC8  84 E9                             STY     OLD_SAVE            ;Clear old flag
02378  00EDCA  60            ._ERROR             RTS
02379  
02380  ;------------------------------------------------------------------------
02381  ; Renumber command
02382  ;------------------------------------------------------------------------
02383  
02384  00EDCB  84 CB         CMD_REN             STY     PARM1               ;Set default values
02385  00EDCD  84 CC                             STY     PARM1+1             ;Start renumbering from line 0
02386  00EDCF  A9 E8                             LDA     #<DEF_AUTO          ;Set default renumber start addr.
02387  00EDD1  85 CD                             STA     PARM2
02388  00EDD3  A9 03                             LDA     #>DEF_AUTO
02389  00EDD5  85 CE                             STA     PARM2+1
02390  00EDD7  A9 0A                             LDA     #DEF_INC            ;Set default increment
02391  00EDD9  85 DD                             STA     LENG
02392      
02393  00EDDB  20 0A E8                          JSR     NNONSPC             ;Are there any parameters?
02394  00EDDE  F0 2F                             BEQ     .RENUMBER           ;No parameters given!
02395  00EDE0  C9 2C                             CMP     #','                ;Is begin line given?
02396  00EDE2  F0 0F                             BEQ     .STRTLIN            ;Nope!
02397      
02398  00EDE4  20 42 E8                          JSR     GET_VAL             ;Get begin line number
02399  00EDE7  D0 5D                             BNE     .DONE               ;An error occurred
02400  00EDE9  84 CB                             STY     PARM1               ;Save begin line number
02401  00EDEB  85 CC                             STA     PARM1+1
02402      
02403  00EDED  B5 19                             LDA     IN,X                ;Does the start line number follow?
02404  00EDEF  C9 2C                             CMP     #','
02405  00EDF1  D0 1C                             BNE     .RENUMBER           ;Nope! Get going
02406  
02407  00EDF3  E8            .STRTLIN            INX                         ;Get start line
02408  00EDF4  20 42 E8                          JSR     GET_VAL
02409  00EDF7  D0 4D                             BNE     .DONE
02410  00EDF9  84 CD                             STY     PARM2
02411  00EDFB  85 CE                             STA     PARM2+1
02412      
02413  00EDFD  B5 19                             LDA     IN,X                ;Is increment given?
02414  00EDFF  C9 2C                             CMP     #','
02415  00EE01  D0 0C                             BNE     .RENUMBER           ;Nope! Get going
02416      
02417  00EE03  E8                                INX
02418  00EE04  20 42 E8                          JSR     GET_VAL             ;Get increment value
02419  00EE07  D0 3D                             BNE     .DONE
02420  00EE09  C0 00                             CPY     #0                  ;May not be zero!
02421  00EE0B  F0 3A                             BEQ     .RANGE              ;Exit with range error
02422  00EE0D  84 DD                             STY     LENG                ;Save increment
02423  
02424  00EE0F  A5 CD         .RENUMBER           LDA     PARM2               ;See if begin line <= start line
02425  00EE11  C5 CB                             CMP     PARM1               ; to avoid double line numbers
02426  00EE13  A5 CE                             LDA     PARM2+1
02427  00EE15  E5 CC                             SBC     PARM1+1
02428  00EE17  90 2E                             BCC     .RANGE              ;Nope! Exit with range error
02429      
02430  00EE19  A5 CD                             LDA     PARM2               ;Copy parm2 to auto number
02431  00EE1B  85 EA                             STA     AUTO
02432  00EE1D  A5 CE                             LDA     PARM2+1
02433  00EE1F  85 EB                             STA     AUTO+1
02434  00EE21  A5 DD                             LDA     LENG                ;Copy increment to auto_inc
02435  00EE23  85 EC                             STA     AUTO_INC
02436      
02437  00EE25  A0 CB                             LDY     #PARM1              ;Find first line number
02438  00EE27  20 67 F0                          JSR     FIND_LINE
02439  00EE2A  90 1A                             BCC     .DONE               ;End of file!
02440  00EE2C  A0 00                             LDY     #0
02441  
02442  00EE2E  C8            .LOOP               INY                         ;Set new line number
02443  00EE2F  18                                CLC                         ; and calculate next number
02444  00EE30  A5 EA                             LDA     AUTO
02445  00EE32  91 B6                             STA     (PNTR),Y
02446  00EE34  65 EC                             ADC     AUTO_INC
02447  00EE36  85 EA                             STA     AUTO
02448  00EE38  C8                                INY
02449  00EE39  A5 EB                             LDA     AUTO+1
02450  00EE3B  91 B6                             STA     (PNTR),Y
02451  00EE3D  69 00                             ADC     #0
02452  00EE3F  85 EB                             STA     AUTO+1
02453  00EE41  20 92 F0                          JSR     NEXT_LINE           ;Set pointer to next line
02454  00EE44  D0 E8                             BNE     .LOOP               ;Nope!
02455  00EE46  60            .DONE               RTS
02456  00EE47  4C CE F4      .RANGE              JMP     RANGE_ERROR         ;Exit with range error
02457  
02458  ;------------------------------------------------------------------------
02459  ; Value command
02460  ;------------------------------------------------------------------------
02461  
02462  00EE4A  F0 58         CMD_VAL             BEQ     .RTS                ;EOL! Missing operand error!
02463  00EE4C  A9 00         .LOOP               LDA     #0
02464  00EE4E  85 C2                             STA     UNDEF               ;Clear undefined label flag
02465  00EE50  20 49 E9                          JSR     GET_EXPRES          ;Get value
02466  00EE53  D0 4F                             BNE     .RTS                ;An error occurred!
02467  00EE55  A5 C2                             LDA     UNDEF               ;Undefined label used?
02468  00EE57  D0 62                             BNE     VAL_UNDEF           ;Yes!
02469      
02470  00EE59  20 0D EA                          JSR     PRDECI_HEXVAL       ;Print value in decimal (ABS)
02471  00EE5C  20 8D FB                          JSR     WRSPACE
02472      
02473  00EE5F  A5 D3                             LDA     HEXVAL+1            ;Save original value
02474  00EE61  48                                PHA
02475  00EE62  A5 D2                             LDA     HEXVAL
02476  00EE64  48                                PHA
02477  00EE65  A9 2B                             LDA     #'+'                ;Print same value, but this time
02478  00EE67  24 D3                             BIT     HEXVAL+1            ; it may be negative
02479  00EE69  10 05                             BPL     .POS                ;It is positive!
02480  00EE6B  20 8A EA                          JSR     NEGATE              ;Make value positive again
02481  00EE6E  A9 2D                             LDA     #'-'
02482  00EE70  20 98 FB      .POS                JSR     WRCHAR              ;Print sign
02483  00EE73  20 0D EA                          JSR     PRDECI_HEXVAL       ;Print value
02484  00EE76  20 8D FB                          JSR     WRSPACE
02485      
02486  00EE79  68                                PLA                         ;Restore hexval
02487  00EE7A  A8                                TAY
02488  00EE7B  85 D2                             STA     HEXVAL
02489  00EE7D  68                                PLA
02490  00EE7E  85 D3                             STA     HEXVAL+1
02491  00EE80  20 D7 FB                          JSR     WRWORD              ;Write value as hex
02492  00EE83  20 8D FB                          JSR     WRSPACE
02493      
02494  00EE86  A9 25                             LDA     #'%'                ;Print percent aka binary
02495  00EE88  20 98 FB                          JSR     WRCHAR
02496  00EE8B  A5 D3                             LDA     HEXVAL+1            ;Is high byte 0?
02497  00EE8D  F0 06                             BEQ     .LOW                ;Yes! Do only the low byte
02498  00EE8F  20 A5 EE                          JSR     WRBIN               ;Print this byte binary
02499  00EE92  20 81 FB                          JSR     WRDOT
02500  00EE95  A5 D2         .LOW                LDA     HEXVAL              ;Print low byte in binary too
02501  00EE97  20 A5 EE                          JSR     WRBIN
02502      
02503  00EE9A  20 91 FB                          JSR     WRCRLF
02504  00EE9D  B5 19                             LDA     IN,X                ;Is next char a comma?
02505  00EE9F  E8                                INX
02506  00EEA0  C9 2C                             CMP     #','
02507  00EEA2  F0 A8                             BEQ     .LOOP               ;Yes! Then more will follow!
02508  00EEA4  60            .RTS                RTS                         ;Ignore rest (soft error check)
02509  
02510  
02511  ;------------------------------------------------------------------------
02512  ; Print binary  IN = AC
02513  ;------------------------------------------------------------------------
02514  00EEA5  85 D5         WRBIN               STA     CHAR                ;
02515  00EEA7  20 AD EE                          JSR     .PRNIB              ;Print nibble
02516  00EEAA  20 81 FB                          JSR     WRDOT
02517  00EEAD  A0 04         .PRNIB              LDY     #4                  ;Setup bit counter
02518  00EEAF  A9 18         .BITLOOP            LDA     #'0'/2              ;Start with ASCII 0
02519  00EEB1  06 D5                             ASL     CHAR                ;Move next bit to CY
02520  00EEB3  2A                                ROL                         ;Add bit to ASCII
02521  00EEB4  20 98 FB                          JSR     WRCHAR              ; and print it
02522  00EEB7  88                                DEY
02523  00EEB8  D0 F5                             BNE     .BITLOOP            ;Do all 4 bits
02524  00EEBA  60            VAL_RTS             RTS
02525  00EEBB  4C C9 F2      VAL_UNDEF           JMP     UNDEF_ERROR         ;Exit with undefined label used
02526          
02527  
02528  ;------------------------------------------------------------------------
02529  ;DISSASSEMBLER
02530  ;------------------------------------------------------------------------
02531  00EEBE  64 C2         CMD_DISSASSEMBLER   STZ     UNDEF
02532  00EEC0  20 49 E9                          JSR     GET_EXPRES          ;Get Source aka get expression 
02533  00EEC3  D0 08                             BNE     .CONT
02534  00EEC5  A6 C2                             LDX     UNDEF               ;Undefined label used?
02535  00EEC7  D0 F2                             BNE     VAL_UNDEF           ;Yes!
02536  00EEC9  84 DF                             STY     SRCE                ;else continue 
02537  00EECB  85 E0                             STA     SRCE+1                              
02538                      
02539  00EECD  A0 10         .CONT               LDY     #16
02540  00EECF  5A            DECODE_ONE          PHY                         ;identical to ASCIIDUMP and MEM DUM s               
02541  00EED0  20 07 E5                          JSR     DISPLAY_ADDR        ;display SOURCE address (could remove A&Y)                                                              
02542  00EED3  B2 DF                             LDA     (SRCE)              ;Get OpCode
02543  00EED5  20 A7 E2                          JSR     INSTDSP                 
02544  
02545  DISPLYASIC          
02546              .IF MYWYM
02547                      ;LDX    #5
02548                      ;LDA    #'C'                ;move cursor forard 
02549  00EED8  20 8D FB                          JSR     WRSPACE
02550              .ELSE               
02551              
02552  00EEDB  E6 DD                             INC     LENG
02553  00EEDD  A5 DD                             LDA     LENG
02554  00EEDF  85 D0                             STA     COUNT               ;add 1 to total length to include opcode                
02555  00EEE1  20 E9 E4                          JSR     ASCII_DUMP          ;display 
02556  00EEE4  A5 DD                             LDA     LENG        
02557  00EEE6  20 9D E2                          JSR     BUMPSRCE            ;Added Length to Source
02558  00EEE9  7A            .BUMPEX             PLY
02559  00EEEA  20 91 FB                          JSR     WRCRLF
02560  00EEED  88                                DEY
02561  00EEEE  D0 DF                             BNE     DECODE_ONE          ;decode one line
02562  00EEF0  64 C9                             STZ     ERROR
02563  00EEF2  60                                RTS
02564                  
02565  ;------------------------------------------------------------------------
02566  ; Go command or Excute code command
02567  ;------------------------------------------------------------------------
02568  00EEF3  F0 0F         CMD_XEC             BEQ     .RUN                ;Nope! Run from last known addr.
02569  00EEF5  64 C2                             STZ     UNDEF               ;CLear it
02570  00EEF7  20 49 E9                          JSR     GET_EXPRES          ;Get address to run from
02571  00EEFA  D0 BE                             BNE     VAL_RTS             ;An error occurred!
02572  00EEFC  A6 C2                             LDX     UNDEF               ;Undefined label used?
02573  00EEFE  D0 BB                             BNE     VAL_UNDEF           ;Yep!
02574  00EF00  84 F8                             STY     XEC_LAST            ;Save XEC address
02575  00EF02  85 F9                             STA     XEC_LAST+1
02576  00EF04  20 0A EF      .RUN                JSR     .JSRIND             ;Imitate JSR (IND)
02577  00EF07  4C 91 FB                          JMP     WRCRLF              ;print CR LF
02578  00EF0A  6C F8 00      .JSRIND             JMP     (XEC_LAST)          ;GO!
02579  
02580  ;.RUN                LDX     #0
02581  ;                    JSR     (XEC_LAST,X)    ; Native 65C02 Indirect JSR!
02582  ;                    JMP     WRCRLF
02583  
02584  
02585  
02586  ;------------------------------------------------------------------------
02587  ; IN_BLANK  - Get next and see if it's blank
02588  ;------------------------------------------------------------------------
02589  00EF0D  E8            IN_BLANK            INX                         ;Find end of command in IN
02590  00EF0E  B5 19                             LDA     IN,X                ;Get character
02591  00EF10  C9 20                             CMP     #SP
02592  00EF12  F0 02                             BEQ     .RTS                ;A space is the end!
02593  00EF14  C9 0D                             CMP     #CR                 ;CR is EOL
02594  00EF16  60            .RTS                RTS
02595  
02596  
02597  ;------------------------------------------------------------------------
02598  ; ADDLINE - Add line to the program 
02599  ; - todo remove PACK into subroutine and add more optoins aka any repitable chars
02600  ; [LENGTH][LINE NUMBER][PACKED LINE] [EOL]
02601  ;------------------------------------------------------------------------
02602  00EF17  20 42 E8      ADDLINE             JSR     GET_VAL             ;ADDLINE - Add line to the program 
02603                                                  ;Get line number eg: 1000
02604  00EF1A  F0 01                             BEQ     .NOERR              ;No error occurred!
02605  00EF1C  60                                RTS
02606  
02607  00EF1D  18            .NOERR              CLC
02608  00EF1E  A5 D2                             LDA     HEXVAL              ;Calculate next auto line number
02609  00EF20  65 EC                             ADC     AUTO_INC
02610  00EF22  85 EA                             STA     AUTO
02611  00EF24  A9 00                             LDA     #0                  ;Invalidate symbol table
02612  00EF26  85 EF                             STA     SYM_TABLE+1
02613  00EF28  85 E9                             STA     OLD_SAVE            ;Invalidate OLD command
02614  00EF2A  65 D3                             ADC     HEXVAL+1            ;Oh yes, we were busy adding
02615  00EF2C  85 EB                             STA     AUTO+1              ; something!    
02616  00EF2E  8A                                TXA                         ;Save read index
02617  00EF2F  A8                                TAY
02618  00EF30  20 0A E8                          JSR     NNONSPC             ;See if line contains text
02619  00EF33  D0 0F                             BNE     .OK                 ;It does!
02620  00EF35  A5 D2                             LDA     HEXVAL              ;Set begin and end line to linenum
02621  00EF37  85 CB                             STA     PARM1               ; to delete this line from source
02622  00EF39  85 CD                             STA     PARM2
02623  00EF3B  A5 D3                             LDA     HEXVAL+1
02624  00EF3D  85 CC                             STA     PARM1+1
02625  00EF3F  85 CE                             STA     PARM2+1
02626  00EF41  4C 81 EB                          JMP     DELETE              ;Delete this line!
02627  
02628  00EF44  98            .OK                 TYA                         ;Restore read index
02629  00EF45  AA                                TAX
02630  00EF46  A0 00                             LDY     #0                  ;Clear write index
02631  00EF48  B5 19                             LDA     IN,X                ;Ignore first space after linenum
02632  00EF4A  C9 20                             CMP     #SP                 ; (not part of source)
02633  00EF4C  D0 01                             BNE     .LOOP1              ;Forget about 1st space!
02634  00EF4E  E8            .LOOP               INX                         ;Get next character
02635  00EF4F  B5 19         .LOOP1              LDA     IN,X
02636  00EF51  C9 20                             CMP     #SP                 ;Is it a space?
02637  00EF53  F0 12                             BEQ     .PACK               ;Yes! Pack it!
02638  00EF55  C9 2D                             CMP     #DASH               ;Is it a dash?
02639  00EF57  F0 0E                             BEQ     .PACK               ;Yes! Pack it!
02640  00EF59  C9 5F                             CMP     #'_'                ;It it horizontal grz   
02641  00EF5B  F0 0A                             BEQ     .PACK               ;Yes! Pack it!  
02642  00EF5D  C9 0D                             CMP     #CR                 ;Is it end of line?
02643  00EF5F  F0 33                             BEQ     .EOL                ;Yes! Packed entire line now!
02644  00EF61  99 19 00      .WRITE              STA     IN,Y                ;Save normal character
02645  00EF64  C8                                INY                         ;Increment write pointer
02646  00EF65  80 E7                             BRA     .LOOP               ;Always taken!
02647  
02648  00EF67  85 D1         .PACK               STA     DELIM               ;Save character to pack
02649  00EF69  A9 01                             LDA     #1                  ;Init repetition counter
02650  00EF6B  85 D0                             STA     COUNT
02651  00EF6D  E8            .PCKLOOP            INX                         ;Count number of same characters
02652  00EF6E  B5 19                             LDA     IN,X
02653  00EF70  C5 D1                             CMP     DELIM
02654  00EF72  D0 09                             BNE     .PCKEXIT            ;It's not the same anymore!
02655  00EF74  E6 D0                             INC     COUNT               ;Increment counter
02656  00EF76  A5 D0                             LDA     COUNT               ;Don't allow it to exceed 31
02657  00EF78  C9 1F                             CMP     #31
02658  00EF7A  90 F1                             BCC     .PCKLOOP            ;Still OK!
02659  00EF7C  E8                                INX                         ;Compensate for normal exit
02660  00EF7D  CA            .PCKEXIT            DEX                         ;We're too far now
02661  00EF7E  A5 D1                             LDA     DELIM               ;Was it space or dash?
02662  00EF80  C9 20                             CMP     #SP                 ;                  
02663  00EF82  F0 0A                             BEQ     .SPACE_FLAG         ;It was space!                  
02664  00EF84  C9 2D                             CMP     #DASH
02665  00EF86  F0 03                             BEQ     .DASH_FLAG                  
02666  00EF88  A9 A0                             LDA     #%10100000          ;Set underscore flag
02667                  .DB $2C                         ;Skip two bytes trcick          
02668                      ;BRA    .ADDCOUNT           
02669  00EF8B  A9 C0         .DASH_FLAG           LDA     #%11000000         ;Set dash flag
02670                  .DB $2C             ;Skip two bytes
02671                      ;BRA    .ADDCOUNT
02672  00EF8E  A9 E0         .SPACE_FLAG         LDA     #%11100000          ;Set space flag         
02673  00EF90  05 D0         .ADDCOUNT           ORA     COUNT               ;Combine with counter           
02674  00EF92  80 CD                             BRA     .WRITE              ;Always taken!
02675  
02676  00EF94  98            .EOL                TYA                         ;Add 3 byte overhead to length
02677  00EF95  18                                CLC
02678  00EF96  69 03                             ADC     #3
02679  00EF98  85 DD                             STA     LENG                ;Save length
02680  00EF9A  85 D0                             STA     COUNT
02681  00EF9C  A0 D2                             LDY     #HEXVAL             ;Find line in program memory
02682  00EF9E  20 67 F0                          JSR     FIND_LINE
02683  00EFA1  90 31                             BCC     .NEWLINE            ;EOF! Line does not exist yet
02684  00EFA3  D0 2F                             BNE     .NEWLINE            ;Line does not exist yet
02685  
02686  ; The line number already exists. Compare both line lengths
02687  
02688  00EFA5  A0 00                             LDY     #0                  ;Is new line longer or shorter?
02689  00EFA7  38                                SEC
02690  00EFA8  A5 DD                             LDA     LENG
02691  00EFAA  F1 B6                             SBC     (PNTR),Y
02692  00EFAC  F0 5C                             BEQ     .INSERT             ;Line length did not change!
02693  00EFAE  85 DD                             STA     LENG                ;Save number of bytes difference
02694  00EFB0  B0 22                             BCS     .NEWLINE            ;Make room for longer line
02695  
02696  00EFB2  38            .SHORTER            SEC                         ;Setup source and destination to
02697  00EFB3  A5 B6                             LDA     PNTR                ; move the source down
02698  00EFB5  48                                PHA
02699  00EFB6  85 E1                             STA     DEST
02700  00EFB8  E5 DD                             SBC     LENG                ;(length is negative!)
02701  00EFBA  85 DF                             STA     SRCE
02702  00EFBC  A5 B7                             LDA     PNTR+1
02703  00EFBE  48                                PHA
02704  00EFBF  85 E2                             STA     DEST+1
02705  00EFC1  E9 FF                             SBC     #-1                 ;(keep high byte negative too!)
02706  00EFC3  85 E0                             STA     SRCE+1
02707  00EFC5  20 34 F0                          JSR     CALC_LENG           ;Get the number of bytes to move
02708  00EFC8  68                                PLA                         ;Restore PNTR (was destroyed by
02709  00EFC9  85 B7                             STA     PNTR+1              ; CALC_LENG)
02710  00EFCB  68                                PLA
02711  00EFCC  85 B6                             STA     PNTR
02712  00EFCE  20 A1 E6                          JSR     MOV_DOWN            ;Move rest of program down
02713  00EFD1  4C 0A F0                          JMP     .INSERT             ;Insert new, shorter, line
02714  
02715  00EFD4  A5 B6         .NEWLINE            LDA     PNTR                ;Use current pointer as
02716  00EFD6  48                                PHA                         ; source
02717  00EFD7  85 DF                             STA     SRCE
02718  00EFD9  18                                CLC                         ;Add new line's length to it
02719  00EFDA  65 DD                             ADC     LENG                ; to find the destination
02720  00EFDC  85 E1                             STA     DEST
02721  00EFDE  A5 B7                             LDA     PNTR+1
02722  00EFE0  48                                PHA
02723  00EFE1  85 E0                             STA     SRCE+1
02724  00EFE3  69 00                             ADC     #0
02725  00EFE5  85 E2                             STA     DEST+1
02726  00EFE7  20 34 F0                          JSR     CALC_LENG           ;Calculate number of bytes to move
02727      
02728  00EFEA  18                                CLC                         ;See if there's enough room in
02729  00EFEB  A5 E1                             LDA     DEST                ; memory until HIMEM
02730  00EFED  65 DD                             ADC     LENG
02731  00EFEF  85 B6                             STA     PNTR
02732  00EFF1  A5 E2                             LDA     DEST+1
02733  00EFF3  65 DE                             ADC     LENG+1
02734  00EFF5  85 B7                             STA     PNTR+1
02735  00EFF7  A5 F6                             LDA     HIMEM
02736  00EFF9  C5 B6                             CMP     PNTR
02737  00EFFB  A5 F7                             LDA     HIMEM+1
02738  00EFFD  E5 B7                             SBC     PNTR+1
02739  00EFFF  90 2C                             BCC     .MEMFUL             ;Memory full!
02740  00F001  20 C2 E6                          JSR     MOV_UP              ;Move them! (move end marker to end)
02741  00F004  68                                PLA                         ;Restore pointer
02742  00F005  85 B7                             STA     PNTR+1
02743  00F007  68                                PLA
02744  00F008  85 B6                             STA     PNTR
02745  
02746  00F00A  A0 00         .INSERT             LDY     #0                  ;Insert new line to freed space
02747  00F00C  A2 00                             LDX     #0
02748  00F00E  A5 D0                             LDA     COUNT               ;Start with length byte
02749  00F010  91 B6                             STA     (PNTR),Y
02750  00F012  38                                SEC                         ;Subtract header length
02751  00F013  E9 03                             SBC     #3
02752  00F015  85 D0                             STA     COUNT
02753  00F017  C8                                INY
02754  00F018  A5 D2                             LDA     HEXVAL              ;Then comes the line number
02755  00F01A  91 B6                             STA     (PNTR),Y
02756  00F01C  C8                                INY
02757  00F01D  A5 D3                             LDA     HEXVAL+1
02758  00F01F  91 B6                             STA     (PNTR),Y
02759  00F021  C8                                INY
02760  00F022  B5 19         .INSLOOP            LDA     IN,X                ;Get byte from new line
02761  00F024  91 B6                             STA     (PNTR),Y            ; and store it
02762  00F026  E8                                INX
02763  00F027  C8                                INY
02764  00F028  C6 D0                             DEC     COUNT
02765  00F02A  D0 F6                             BNE     .INSLOOP            ;Not all bytes done yet!
02766  00F02C  60                                RTS
02767  
02768  00F02D  A9 51         .MEMFUL             LDA     #ERR_MEM            ;Exit with memory full error
02769  00F02F  85 C9                             STA     ERROR
02770  00F031  68                                PLA                         ;Clear stack
02771  00F032  68                                PLA
02772  00F033  60                                RTS
02773  
02774  
02775  ;------------------------------------------------------------------------
02776  ; Calculate the length of the memory block to be moved
02777  ;------------------------------------------------------------------------
02778  00F034  20 57 F0      CALC_LENG           JSR     FIND_EOF            ;Find end of source
02779  00F037  38                                SEC                         ;Calculate number of bytes to
02780  00F038  A5 B6                             LDA     PNTR                ; be moved
02781  00F03A  E5 DF                             SBC     SRCE
02782  00F03C  85 DD                             STA     LENG
02783  00F03E  A5 B7                             LDA     PNTR+1
02784  00F040  E5 E0                             SBC     SRCE+1
02785  00F042  85 DE                             STA     LENG+1
02786  00F044  E6 DD                             INC     LENG                ;Move end byte too!
02787  00F046  D0 02                             BNE     .NOCY
02788  00F048  E6 DE                             INC     LENG+1
02789  00F04A  60            .NOCY               RTS
02790  
02791  
02792  ;------------------------------------------------------------------------
02793  ; Set pointer to begin of file
02794  ;------------------------------------------------------------------------
02795  00F04B  A5 F4         SET_BOF             LDA     LOMEM               ;Set pointer to begin of program
02796  00F04D  85 B6                             STA     PNTR                ; memory
02797  00F04F  A5 F5                             LDA     LOMEM+1
02798  00F051  85 B7                             STA     PNTR+1
02799  00F053  60                                RTS
02800  
02801  
02802  ;------------------------------------------------------------------------
02803  ; Find end of program memory
02804  ;------------------------------------------------------------------------
02805  00F054  20 4B F0      FIND_EOFZ           JSR     SET_BOF             ;Set pointer to begin of file
02806  ;FIND_EOF            LDY     #0                  ;Point to line length
02807  ;.LOOP               LDA     (PNTR),Y            ;Get current line's length
02808  
02809  
02810  FIND_EOF            		                ;Point to line length
02811  00F057  B2 B6         .LOOP               LDA     (PNTR)            	;Get current line's length
02812  00F059  F0 0B                             BEQ     .EOF                ;EOF found!
02813  00F05B  18                                CLC                         ;Add line length to current pntr
02814  00F05C  65 B6                             ADC     PNTR
02815  00F05E  85 B6                             STA     PNTR
02816  00F060  90 F5                             BCC     .LOOP               ;Carry is not set!
02817  00F062  E6 B7                             INC     PNTR+1
02818  00F064  B0 F1                             BCS     .LOOP               ;Always taken
02819  00F066  60            .EOF                RTS
02820  
02821  
02822  ;------------------------------------------------------------------------
02823  ; Find line in program memory
02824  ; Line number to search for is located at 0,Y
02825  ; EOF -> C=0
02826  ; Line found -> C=1 & Z=1
02827  ; Line not found, pointing at next higher line -> C=1 & Z=0
02828  ;------------------------------------------------------------------------
02829  00F067  B9 00 00      FIND_LINE           LDA     0,Y                 ;Get line number to find eg $0400
02830  00F06A  85 D2                             STA     HEXVAL
02831  00F06C  B9 01 00                          LDA     1,Y
02832  00F06F  85 D3                             STA     HEXVAL+1
02833  00F071  20 4B F0                          JSR     SET_BOF             ;Start looking at begin of program eg 0600
02834  00F074  A0 00                             LDY     #0                  ;Empty program?
02835  00F076  B1 B6                             LDA     (PNTR),Y
02836  00F078  F0 16                             BEQ     .EOF                ;Yes!
02837  
02838  00F07A  C8            .LOOP               INY                         ;Point to line number
02839  00F07B  38                                SEC                         ;Subtract wanted line from this
02840  00F07C  B1 B6                             LDA     (PNTR),Y            ; line number
02841  00F07E  E5 D2                             SBC     HEXVAL
02842  00F080  85 D1                             STA     DELIM
02843  00F082  C8                                INY
02844  00F083  B1 B6                             LDA     (PNTR),Y
02845  00F085  E5 D3                             SBC     HEXVAL+1
02846  00F087  05 D1                             ORA     DELIM               ;Z=1 if line is found
02847  00F089  B0 06                             BCS     .QUIT               ;Found it or past it!
02848  00F08B  20 92 F0                          JSR     NEXT_LINE           ;Find next line
02849  00F08E  D0 EA                             BNE     .LOOP               ;Not end of file yet!
02850  00F090  18            .EOF                CLC                         ;Indicate EOF
02851  00F091  60            .QUIT               RTS
02852  
02853  
02854  ;------------------------------------------------------------------------
02855  ; Set pointer to the next line
02856  ;------------------------------------------------------------------------
02857  00F092  A0 00         NEXT_LINE           LDY     #0                  ;reset point to line length
02858  00F094  B2 B6                             LDA     (PNTR)            	;Add length to pointer       
02859  00F096  18                                CLC
02860  00F097  65 B6                             ADC     PNTR
02861  00F099  85 B6                             STA     PNTR
02862  00F09B  90 02                             BCC     .SKIP               ;No carry!
02863  00F09D  E6 B7                             INC     PNTR+1
02864  00F09F  B2 B6         .SKIP               LDA     (PNTR)            	;Set Z if this is EOF
02865  00F0A1  60                                RTS
02866  
02867  
02868  ;------------------------------------------------------------------------
02869  ; Unpack source line to IN (Without line number)
02870  ;------------------------------------------------------------------------
02871  00F0A2  B2 B6         UNPACK_IN           LDA     (PNTR)
02872  00F0A4  38                                SEC
02873  00F0A5  E9 03                             SBC     #3                  ;Subtract length and line-num
02874  00F0A7  85 D0                             STA     COUNT
02875  00F0A9  A2 00                             LDX     #0                  ;Start at IN
02876  00F0AB  A0 03                             LDY     #3                  ;This is where the fun is
02877  00F0AD  B1 B6         .LOOP               LDA     (PNTR),Y            ;Get byte from source
02878  00F0AF  30 0D                             BMI     .UNPACK             ;It's a packed byte! was bpl
02879  00F0B1  95 19                             STA     IN,X                ;It's a normal character
02880  00F0B3  E8                                INX
02881  00F0B4  C8            .NEXT               INY                         ;Point to next source byte
02882  00F0B5  C6 D0                             DEC     COUNT               ;Decrement length counter
02883  00F0B7  D0 F4                             BNE     .LOOP               ;Not done yet!
02884      
02885  00F0B9  A9 0D                             LDA     #CR                 ;Terminate unpacked line with CR
02886  00F0BB  95 19                             STA     IN,X
02887  00F0BD  60                                RTS
02888  
02889  00F0BE  84 D1         .UNPACK             STY     DELIM               ;Save source code pointer
02890  00F0C0  20 CD F0                          JSR     UNPACK_DECODE       ;return character and count
02891  
02892  00F0C3  95 19         .EXPAND             STA     IN,X                ; Save character to IN
02893  00F0C5  E8                                INX
02894  00F0C6  88                                DEY                         ;Decrement counter
02895  00F0C7  D0 FA                             BNE     .EXPAND             ;Not done yet!
02896  00F0C9  A4 D1                             LDY     DELIM               ;Restore index in source
02897  00F0CB  D0 E7                             BNE     .NEXT               ;Always taken!
02898  
02899  
02900  ;------------------------------------------------------------------------
02901  ; Decode unpack ; returns y = count A= character Z=1 if EOL
02902  ;   100 count future 
02903  ;   110 count -
02904  ;   101 count _
02905  ;   111 count SPACE
02906  ;------------------------------------------------------------------------
02907  00F0CD  48            UNPACK_DECODE       PHA                         ;Save packed type (space or -)                  
02908  00F0CE  29 1F                             AND     #%00011111          ;Strip away type flag
02909  00F0D0  A8                                TAY                         ;to keep repeat counter
02910  00F0D1  68                                PLA                         ;Find out what type it was                                                   
02911  00F0D2  29 E0                             AND     #%11100000          ;mask flags
02912  00F0D4  C9 E0                             CMP     #%11100000
02913  00F0D6  F0 07                             BEQ     .SPACE
02914  00F0D8  C9 C0                             CMP     #%11000000
02915  00F0DA  F0 06                             BEQ     .DASH               ;must be HDASH
02916                      ;CMP    #%10100000
02917                      ;BEQ    .HDASH
02918                      ;RTS                        ;return z=0 must be %10000000           
02919  00F0DC  A9 5F         .HDASH              LDA     #'_'
02920  00F0DE  60                                RTS             ;
02921  00F0DF  A9 20         .SPACE              LDA     #' '                ;Expand a space
02922  00F0E1  60                                RTS
02923  00F0E2  A9 2D         .DASH               LDA     #DASH
02924  00F0E4  60                                RTS
02925  
02926  
02927  ;------------------------------------------------------------------------
02928  ; Assemble command
02929  ;------------------------------------------------------------------------
02930  00F0E5  20 AD FB      CMD_ASM             JSR     DRAWLINECR             
02931  00F0E8  20 54 F0                          JSR     FIND_EOFZ           ;Find end of file
02932  00F0EB  A4 B6                             LDY     PNTR                ;Set begin of symbol table
02933  00F0ED  A6 B7                             LDX     PNTR+1
02934  00F0EF  C8                                INY                         ;Symtab starts 1 byte after EOF
02935  00F0F0  D0 01                             BNE     .NOCY               ;No carry!
02936  00F0F2  E8                                INX
02937  00F0F3  84 EE         .NOCY               STY     SYM_TABLE
02938  00F0F5  86 EF                             STX     SYM_TABLE+1
02939  00F0F7  A0 00                             LDY     #0                  ;I presume that we're not beyond
02940  00F0F9  98                                TYA                         ; himem already for memory's sake
02941  00F0FA  91 EE                             STA     (SYM_TABLE),Y       ;Clear symbol table
02942  00F0FC  85 B0                             STA     PASS                ;Set pass 0
02943  00F0FE  85 C1                             STA     ASM_ERR             ;Clear error counter    
02944  00F100  20 20 F1                          JSR     ASSEMBLE            ;Start pass 1
02945  00F103  A5 C1                             LDA     ASM_ERR             ;Were there any errors?
02946  00F105  D0 08                             BNE     .ERRORS             ;Yep!
02947  00F107  C6 B0                             DEC     PASS                ;Start pass 2 (Must be $FF !)
02948  00F109  20 20 F1                          JSR     ASSEMBLE                   
02949  00F10C  20 5E EA                          JSR     PRINT_OBJ           ;Print last object range                
02950  00F10F  20 AD FB      .ERRORS             JSR     DRAWLINECR
02951  00F112  A5 C1                             LDA     ASM_ERR             ;Print number of errors
02952  00F114  85 D2                             STA     HEXVAL
02953  00F116  64 D3                             STZ     HEXVAL+1
02954  00F118  20 0D EA                          JSR     PRDECI_HEXVAL
02955  00F11B  A9 18                             LDA     #STR_ERRORS         ;Print errors string behind it
02956  00F11D  4C EC E6                          JMP     PRINT_MSGS
02957  
02958  
02959  ;------------------------------------------------------------------------
02960  ; This is what we came for, assembling!!!!
02961  ;------------------------------------------------------------------------
02962  00F120  20 4B F0      ASSEMBLE            JSR     SET_BOF             ;Start at begin of program
02963  00F123  64 B2                             STZ     GLOBAL+1            ;Make last global label invalid        
02964  00F125  A9 00                             LDA     #<DEF_ORG           ;Setup default PC
02965  00F127  85 B9                             STA     PC
02966  00F129  85 BB                             STA     TA
02967  00F12B  85 BD                             STA     TA_BEGIN
02968  00F12D  A9 10                             LDA     #>DEF_ORG
02969  00F12F  85 BA                             STA     PC+1
02970  00F131  85 BC                             STA     TA+1
02971  00F133  85 BE                             STA     TA_BEGIN+1
02972  
02973  00F135  20 E4 FB      .LINE               JSR     SCAN_ESC            ;SCAN_ESC output if necessary
02974  00F138  F0 47                             BEQ     .DONE               ;ESC was pressed!
02975  00F13A  A5 B9                             LDA     PC                  ;Copy PC at begin of line
02976  00F13C  85 BF                             STA     PC_BEG
02977  00F13E  A5 BA                             LDA     PC+1
02978  00F140  85 C0                             STA     PC_BEG+1
02979  00F142  A0 00                             LDY     #0                  ;End of program?
02980  00F144  B1 B6                             LDA     (PNTR),Y
02981  00F146  F0 39                             BEQ     .DONE               ;Yes! We're done (with this pass)
02982  00F148  84 C2                             STY     UNDEF               ;Clear undefined label flag
02983  00F14A  84 C3                             STY     FORWARD             ;and forward ref. label flag
02984  00F14C  84 C9                             STY     ERROR               ;Clear error number
02985  00F14E  20 A2 F0                          JSR     UNPACK_IN           ;Unpack this line to IN
02986      
02987  00F151  A2 00                             LDX     #0
02988  00F153  A5 19                             LDA     IN                  ;Can it be a label?
02989  00F155  C9 20                             CMP     #' '
02990  00F157  F0 0B                             BEQ     .NO_LABEL           ;Nope!
02991  00F159  C9 0D                             CMP     #CR                 ;Can't be CR, but just in case
02992  00F15B  F0 1C                             BEQ     .NEXT               ;Do next line!
02993  00F15D  C9 3B                             CMP     #';'
02994  00F15F  F0 18                             BEQ     .NEXT               ;It's a comment, ignore line
02995  00F161  20 53 F4                          JSR     ADD_LABEL           ;Add this label to symbol table
02996  
02997  00F164  20 0A E8      .NO_LABEL           JSR     NNONSPC             ;Find next non space now
02998  00F167  F0 10                             BEQ     .NEXT               ;That was all, next line please!
02999  00F169  C9 3B                             CMP     #';'                ;Compare if its a comment
03000  00F16B  F0 0C                             BEQ     .NEXT               ;The rest is comment!
03001  00F16D  C9 2E                             CMP     #'.'                ;Can it be a directive?
03002  00F16F  F0 05                             BEQ     .DIRECT             ;Yes! Handle it
03003  00F171  20 EA F4                          JSR     MNEMON              ;Decode mnemonic and operand  
03004  00F174  80 03                             BRA    .NEXT                ;That's it!
03005  
03006  00F176  20 AA F1      .DIRECT             JSR     DIRECT              ;Decode directive
03007  
03008  00F179  20 82 F1      .NEXT               JSR     CHCK_ERROR          ;Handle errors
03009  00F17C  20 92 F0                          JSR     NEXT_LINE           ;Point to next line
03010  00F17F  D0 B4                             BNE     .LINE               ;Not EOF!
03011  00F181  60            .DONE               RTS
03012  
03013  
03014  ;------------------------------------------------------------------------
03015  ; Check error
03016  ; If ERROR<>0 print line number and error behind it
03017  ; Also increment error counter
03018  ;------------------------------------------------------------------------
03019  00F182  A5 C9         CHCK_ERROR          LDA     ERROR               ;Did an error occur?
03020  00F184  D0 09                             BNE     .ERRORS             ;Yes!
03021  00F186  A5 C2                             LDA     UNDEF               ;Undefined label used in pass 2?
03022  00F188  25 B0                             AND     PASS                ; (0 if pass 1)
03023  00F18A  F0 1D                             BEQ     .RTS                ;Nope!
03024  00F18C  20 C9 F2                          JSR     UNDEF_ERROR         ;Exit with undefined label error
03025  
03026  00F18F  A0 01         .ERRORS             LDY     #1                  ;Print line number
03027  00F191  B1 B6                             LDA     (PNTR),Y
03028  00F193  85 D2                             STA     HEXVAL
03029  00F195  C8                                INY
03030  00F196  B1 B6                             LDA     (PNTR),Y
03031  00F198  85 D3                             STA     HEXVAL+1
03032  00F19A  20 0D EA                          JSR     PRDECI_HEXVAL
03033  00F19D  20 8D FB                          JSR     WRSPACE
03034  00F1A0  20 EC E6                          JSR     PRINT_MSGS          ;Print the error
03035  00F1A3  E6 C1                             INC     ASM_ERR             ;Increment error counter
03036  00F1A5  D0 02                             BNE     .RTS                ;No error overflow!
03037  00F1A7  C6 C1                             DEC     ASM_ERR             ;Max indicator is 255 errors.
03038  00F1A9  60            .RTS                RTS
03039  
03040  
03041  ;------------------------------------------------------------------------
03042  ; Decode directive
03043  ;------------------------------------------------------------------------
03044  00F1AA  20 D7 F4      DIRECT              JSR     NEXT_IN             ;Get directive's name
03045  00F1AD  F0 31                             BEQ     .EERROR             ;It may not be CR already!
03046  00F1AF  85 CB                             STA     PARM1
03047  00F1B1  20 D5 F4                          JSR     NEXT_IN_Y0
03048  00F1B4  F0 2A                             BEQ     .EERROR             ;It may not be CR already!
03049                      
03050  00F1B6  85 CC                             STA     PARM1+1
03051  00F1B8  B9 E5 F1      .SEARCH             LDA     .TABLE,Y            ;Could it be this one?
03052  00F1BB  F0 23                             BEQ     .EERROR             ;Nope! Directive not found!
03053  00F1BD  C5 CB                             CMP     PARM1
03054  00F1BF  D0 07                             BNE     .NEXT               ;Nope!
03055  00F1C1  B9 E6 F1                          LDA     .TABLE+1,Y
03056  00F1C4  C5 CC                             CMP     PARM1+1
03057  00F1C6  F0 04                             BEQ     .GOTIT              ;Found directive!
03058  00F1C8  C8            .NEXT               INY                         ;Point to next directive in table
03059  00F1C9  C8                                INY
03060  00F1CA  80 EC                             BRA     .SEARCH             ;Always taken!
03061  
03062  00F1CC  B9 F7 F1      .GOTIT              LDA     .JUMPS+1,Y          ;Get directive handler's address
03063  00F1CF  48                                PHA
03064  00F1D0  B9 F6 F1                          LDA     .JUMPS,Y
03065  00F1D3  48                                PHA
03066  00F1D4  20 D5 F4      .EOF_DIR            JSR     NEXT_IN_Y0          ;Find end of directive first
03067  00F1D7  F0 0B                             BEQ     .JUMP               ;Execute directive!
03068  00F1D9  C9 20                             CMP     #SP                 ; Is it a space already?
03069  00F1DB  D0 F7                             BNE     .EOF_DIR            ; Nope, not end of directive yet!
03070  00F1DD  4C 0A E8                          JMP     NNONSPC             ; Find next non space
03071  
03072  00F1E0  A9 6F         .EERROR             LDA     #ERR_DIR            ; Exit with directive ERROR
03073  00F1E2  85 C9                             STA     ERROR
03074  00F1E4  60            .JUMP               RTS
03075  
03076  .TABLE              .BYTE     "AS"              ;ASCII string
03077                      .BYTE     "AT"              ;ASCII string terminated
03078                      .BYTE     "BS"              ;Block skip
03079                      .BYTE     "DA"              ;Data directive
03080                      .BYTE     "EQ"              ;Word directive
03081                      .BYTE     "OR"              ;ORG directive
03082                      .BYTE     "TA"              ;Target address directive
03083                      .BYTE     "DB"              ;Byte directive Future
03084                      .BYTE     00                ;End of table
03085  
03086  .JUMPS              .DW     DIR_AS-1            ;ASCII string
03087                      .DW     DIR_AT-1            ;ASCII string terminated
03088                      .DW     DIR_BS-1            ;Block skip
03089                      .DW     DIR_DA-1            ;Data directive
03090                      .DW     DIR_EQ-1            ;Word directive
03091                      .DW     DIR_OR-1            ;ORG directive
03092                      .DW     DIR_TA-1            ;Target address directive
03093                      .DW     DIR_DB-1            ;Byte directive
03094  
03095  
03096  ;------------------------------------------------------------------------
03097  ; .BYTE and .AT directives
03098  ;------------------------------------------------------------------------
03099  00F206  A0 80         DIR_AT              LDY     #%10000000          ;Set end flag
03100  00F208  84 D4         DIR_AS              STY     LEAD0               ;Save end flag
03101  00F20A  A0 7F                             LDY     #%01111111          ;In case of positive ASCII
03102  00F20C  C9 2D                             CMP     #'-'                ;Is it the sign flag?
03103  00F20E  D0 07                             BNE     .POS                ;No! Positive ASCII
03104  00F210  A0 FF                             LDY     #%11111111          ;Set negative ASCII flag
03105  00F212  20 D7 F4                          JSR     NEXT_IN             ;Point to next character
03106  00F215  F0 50                             BEQ     DIR_OPE             ;Premature EOL!
03107  00F217  84 D5         .POS                STY     CHAR                ;Save ASCII polarity
03108  00F219  85 D1                             STA     DELIM               ;Save delimiter character
03109  00F21B  20 D7 F4      .LOOP               JSR     NEXT_IN             ;Get next char
03110  00F21E  F0 47                             BEQ     DIR_OPE             ;Sudden EOL!
03111  00F220  C5 D1                             CMP     DELIM               ;End of string?
03112  00F222  F0 10                             BEQ     .EXIT               ;Yes!
03113  00F224  25 D5                             AND     CHAR                ;Set/clear b7
03114  00F226  B4 1A                             LDY     IN+1,X              ;Is next char the delimiter?
03115  00F228  C4 D1                             CPY     DELIM
03116  00F22A  D0 02                             BNE     .NOT_END            ;Nope!
03117  00F22C  45 D4                             EOR     LEAD0               ;Invert b7 if end flag set
03118  00F22E  20 FD F2      .NOT_END            JSR     SAVE_OBJ            ;Save byte to object
03119  00F231  4C 1B F2                          JMP     .LOOP               ;Do all characters
03120  
03121  00F234  20 D7 F4      .EXIT               JSR     NEXT_IN             ;Next char must be blank or EOL
03122  00F237  F0 04                             BEQ     .RTS                ;It is!
03123  00F239  C9 20                             CMP     #SP
03124  00F23B  D0 2A                             BNE     DIR_OPE             ;It is not!
03125  00F23D  60            .RTS                RTS
03126  
03127  
03128  ;------------------------------------------------------------------------
03129  ; .BS directive
03130  ;------------------------------------------------------------------------
03131  00F23E  20 49 E9      DIR_BS              JSR     GET_EXPRES          ;Evaluate expression
03132  00F241  D0 28                             BNE     DIR_EXIT            ;An ERROR occurred
03133  00F243  A5 C2                             LDA     UNDEF
03134  00F245  D0 1D                             BNE     .UNDEF              ;Undefined labels not allowed
03135  00F247  A5 B0                             LDA     PASS                ;Don't increment TA during pass 1
03136  00F249  F0 05                             BEQ     .PC
03137  00F24B  A0 BB                             LDY     #TA                 ;Add expression to TA
03138  00F24D  20 52 F2                          JSR     .ADD
03139  00F250  A0 B9         .PC                 LDY     #PC                 ;Add expression to PC
03140  00F252  18            .ADD                CLC
03141  00F253  B9 00 00                          LDA     0,Y
03142  00F256  65 D2                             ADC     HEXVAL
03143  00F258  99 00 00                          STA     0,Y
03144  00F25B  B9 01 00                          LDA     1,Y
03145  00F25E  65 D3                             ADC     HEXVAL+1
03146  00F260  99 01 00                          STA     1,Y
03147  00F263  60                                RTS
03148  00F264  4C F0 F2      .UNDEF              JMP     DIR_UNDEF           ;Undefined label used!
03149  
03150  00F267  A9 82         DIR_OPE             LDA     #ERR_OPE            ;Exit with operand EERROR
03151  00F269  85 C9                             STA     ERROR
03152  00F26B  60            DIR_EXIT            RTS
03153  
03154  
03155  ;------------------------------------------------------------------------
03156  ; .BYTE directive Data directive
03157  ;------------------------------------------------------------------------
03158  00F26C  A9 3C         DIR_DB              LDA     #'<'
03159  00F26E  85 D5                             STA     CHAR                ;Save prefix
03160  00F270  80 0A                             BRA     PREFIXDA            ;get single bytes
03161  
03162  
03163  ;------------------------------------------------------------------------
03164  ; .BYTE directive Data directive
03165  ;------------------------------------------------------------------------
03166  00F272  85 D5         DIR_DA              STA     CHAR                ;Save prefix
03167  00F274  C9 3C                             CMP     #'<'                ;Low byte only?
03168  00F276  F0 04                             BEQ     PREFIXDA            ;Yes!
03169  00F278  C9 3E                             CMP     #'>'                ;High byte only?
03170  00F27A  D0 03                             BNE     NOPREFIX            ;Nope!
03171  00F27C  E8            PREFIXDA            INX                         ;Get next character
03172  00F27D  B5 19                             LDA     IN,X
03173  00F27F  20 49 E9      NOPREFIX            JSR     GET_EXPRES          ;Evaluate expression
03174  00F282  D0 E7                             BNE     DIR_EXIT            ;An ERROR occurred!
03175  00F284  A4 D5                             LDY     CHAR                ;What prefix was used?
03176  00F286  A5 D2                             LDA     HEXVAL
03177  00F288  C0 3C                             CPY     #'<'
03178  00F28A  F0 09                             BEQ     .LOW                ;Low byte only!
03179  00F28C  C0 3E                             CPY     #'>'
03180  00F28E  F0 03                             BEQ     .HIGH               ;High byte only!
03181  00F290  20 FD F2                          JSR     SAVE_OBJ            ;Save low byte first
03182  00F293  A5 D3         .HIGH               LDA     HEXVAL+1            ;Then save high byte
03183  00F295  20 FD F2      .LOW                JSR     SAVE_OBJ
03184  00F298  B5 19                             LDA     IN,X                ;More parameters
03185  00F29A  C9 2C                             CMP     #','
03186  00F29C  D0 CD                             BNE     DIR_EXIT            ;Nope!
03187  00F29E  E8                                INX
03188  00F29F  B5 19                             LDA     IN,X
03189  00F2A1  80 CF                             BRA     DIR_DA              ;Always taken!
03190  
03191  
03192  ;------------------------------------------------------------------------
03193  ; .EQ directive
03194  ;------------------------------------------------------------------------
03195  00F2A3  A5 B0         DIR_EQ              LDA     PASS                ;What pass are we in?
03196  00F2A5  D0 1E                             BNE     .RTS                ;Don't bother about .EQ during 2!
03197  00F2A7  20 49 E9                          JSR     GET_EXPRES          ;Evaluate expression
03198  00F2AA  D0 BB                             BNE     DIR_OPE             ;An ERROR occurred!
03199  00F2AC  A5 C2                             LDA     UNDEF               ;Undefined labels are not allowed
03200  00F2AE  D0 19                             BNE     UNDEF_ERROR         ;Yes!
03201  00F2B0  A5 19                             LDA     IN                  ;Was a label declared here?
03202  00F2B2  C9 41                             CMP     #'A'
03203  00F2B4  90 10                             BCC     NOLABEL             ;Nope!
03204  00F2B6  C9 5B                             CMP     #'Z'+1
03205  00F2B8  B0 0C                             BCS     NOLABEL             ;Nope!
03206  00F2BA  A0 01                             LDY     #1                  ;Point to label's value
03207  00F2BC  A5 D2                             LDA     HEXVAL              ;and change it
03208  00F2BE  91 B1                             STA     (GLOBAL),Y
03209  00F2C0  C8                                INY
03210  00F2C1  A5 D3                             LDA     HEXVAL+1
03211  00F2C3  91 B1                             STA     (GLOBAL),Y
03212  00F2C5  60            .RTS                RTS
03213  
03214  00F2C6  A9 10         NOLABEL             LDA     #ERR_LBL            ;Exit with label EERROR     
03215                  .db $2c                         ;Skip next two bytes BIT 
03216                      ;STA     ERROR
03217                      ;RTS
03218  00F2C9  A9 5E         UNDEF_ERROR         LDA     #ERR_DEF            ;Exit with undefined label ERROR
03219  00F2CB  85 C9                             STA     ERROR
03220  00F2CD  60            DIR_EXIT2           RTS
03221  
03222  
03223  ;------------------------------------------------------------------------
03224  ; .OR directive
03225  ;------------------------------------------------------------------------
03226  00F2CE  20 5E EA      DIR_OR              JSR     PRINT_OBJ           ;Print length of previous block
03227  00F2D1  20 49 E9                          JSR     GET_EXPRES          ;Evaluate expression
03228  00F2D4  D0 1E                             BNE     FATAL_ERROR2        ;Can't accept errors here!
03229  00F2D6  84 B9                             STY     PC                  ;Save PC and TA
03230  00F2D8  85 BA                             STA     PC+1
03231  00F2DA  80 08                             BRA     DIR_TA2             ;Always taken!
03232  
03233  
03234  ;------------------------------------------------------------------------
03235  ; .TA directive
03236  ;------------------------------------------------------------------------
03237  00F2DC  20 5E EA      DIR_TA              JSR     PRINT_OBJ           ;Print length of previous block
03238  00F2DF  20 49 E9                          JSR     GET_EXPRES          ;Evaluate expression
03239  00F2E2  D0 16                             BNE     DIR_OPE2            ;An EERROR occurred!
03240  00F2E4  84 BB         DIR_TA2             STY     TA                  ;Save target address
03241  00F2E6  84 BD                             STY     TA_BEGIN
03242  00F2E8  85 BC                             STA     TA+1
03243  00F2EA  85 BE                             STA     TA_BEGIN+1
03244  00F2EC  A5 C2                             LDA     UNDEF               ;Undefined label used?
03245  00F2EE  F0 DD                             BEQ     DIR_EXIT2           ;Nope! We're done now
03246  
03247  00F2F0  A9 5E         DIR_UNDEF           LDA     #ERR_DEF            ;Can't allow undefined labels!
03248  00F2F2  85 C9         FATAL_ERROR         STA     ERROR
03249  00F2F4  20 82 F1      FATAL_ERROR2        JSR     CHCK_ERROR          ;Print the error
03250  00F2F7  4C 14 E0                          JMP     GETLINE             ;And abort assembly! Fatal EERROR
03251  00F2FA  4C 67 F2      DIR_OPE2            JMP     DIR_OPE             ;Operand EERROR
03252  
03253  
03254  ;------------------------------------------------------------------------
03255  ; Save byte to target
03256  ;------------------------------------------------------------------------
03257  00F2FD  A4 B0         SAVE_OBJ            LDY     PASS                ;What pass?
03258  00F2FF  F0 2E                             BEQ     .INCPC              ;Pass 1! Don't save anything
03259  00F301  48                                PHA
03260  00F302  A4 BB                             LDY     TA                  ;See if below standard safe limit
03261  00F304  C4 00                             CPY     <DEF_OBJLOW
03262  00F306  A5 BC                             LDA     TA+1
03263  00F308  E5 02                             SBC     >DEF_OBJLOW
03264  00F30A  90 08                             BCC     .USR                ;Below default safe range!
03265  00F30C  C4 F4                             CPY     LOMEM               ;See if it's above LOMEM now
03266  00F30E  A5 BC                             LDA     TA+1
03267  00F310  E5 F5                             SBC     LOMEM+1
03268  00F312  90 10                             BCC     .SAFE               ;We're in safe range!
03269  
03270  00F314  C4 F0         .USR                CPY     USR_OBJLO           ;See if below user safe limit
03271  00F316  A5 BC                             LDA     TA+1
03272  00F318  E5 F1                             SBC     USR_OBJLO+1
03273  00F31A  90 1A                             BCC     MEM_FULL            ;Yes! Exit with ERROR
03274  00F31C  C4 F2                             CPY     USR_OBJHI           ;See if it's above user safe limit
03275  00F31E  A5 BC                             LDA     TA+1
03276  00F320  E5 F3                             SBC     USR_OBJHI+1
03277  00F322  B0 12                             BCS     MEM_FULL            ;Yes! Exit with ERROR
03278  
03279  00F324  68            .SAFE               PLA
03280  00F325  A0 00                             LDY     #0
03281  00F327  91 BB                             STA     (TA),Y              ;Save byte
03282  00F329  E6 BB                             INC     TA                  ;Increment target address
03283  00F32B  D0 02                             BNE     .INCPC              ;No carry!
03284  00F32D  E6 BC                             INC     TA+1
03285  
03286  00F32F  E6 B9         .INCPC              INC     PC                  ;Increment PC
03287  00F331  D0 02                             BNE     .RTS                ;No carry!
03288  00F333  E6 BA                             INC     PC+1
03289  00F335  60            .RTS                RTS
03290  
03291  00F336  A9 51         MEM_FULL            LDA     #ERR_MEM            ;Exit with fatal memory ERROR
03292  00F338  80 B8                             BRA     FATAL_ERROR         ;(ignoring the stack)
03293  
03294  
03295  ;------------------------------------------------------------------------
03296  ;  Expand the size of the symbol table by A {6Bytes}
03297  ;  Presuming DEST points to current end flag ($00)
03298  ;  Warning END flag is not moved! Must be done by calling routine!
03299  ;------------------------------------------------------------------------
03300  00F33A  18            EXP_SYM             CLC                         ;See if there's enough room to
03301  00F33B  65 E1                             ADC     DEST                ;expand
03302  00F33D  85 DD                             STA     LENG
03303  00F33F  A9 00                             LDA     #0
03304  00F341  A8                                TAY                         ;Point to first byte in new space
03305  00F342  65 E2                             ADC     DEST+1
03306  00F344  85 DE                             STA     LENG+1
03307  00F346  A5 F6                             LDA     HIMEM               ;See if there's enough room
03308  00F348  C5 DD                             CMP     LENG                ;for it
03309  00F34A  A5 F7                             LDA     HIMEM+1
03310  00F34C  E5 DE                             SBC     LENG+1
03311  00F34E  90 E6                             BCC     MEM_FULL            ;Memory full!
03312  00F350  60                                RTS
03313  
03314  
03315  ;------------------------------------------------------------------------
03316  ; Find label in symbol table
03317  ; Upon exit:
03318  ; C=1 if not a legal label name was given
03319  ; Z=1 if label not found
03320  ; X will always point to end of label name + 1 in parse buffer
03321  ; Y will always be 0
03322  ; DEST will point at global label (or end of symbol table $00)
03323  ; DEST will point at local label (or end of local labels $FF)
03324  ;------------------------------------------------------------------------
03325  FIND_LABEL      
03326                      .IF ROM_LIBRRAY 
03327                      
03328  00F351  A5 EF         .USER_LABLES        LDA     SYM_TABLE+1         ;Is symbol table valid?
03329  00F353  F0 13                             BEQ     .NOSYM              ;Nope!
03330  00F355  B5 19                             LDA     IN,X                ;Save first character of label
03331  00F357  85 C5                             STA     FIRST_CHAR
03332  00F359  C9 2E                             CMP     #'.'                ;Is it a local label?
03333  00F35B  F0 14                             BEQ     FIND_LOCAL          ;Yes!
03334      
03335  00F35D  C9 41                             CMP     #'A'                ;First character must be A-Z
03336  00F35F  90 0E                             BCC     NO_LABEL            ;It's not!
03337  00F361  C9 5B                             CMP     #'Z'+1
03338  00F363  B0 0A                             BCS     NO_LABEL            ;It's not!
03339  00F365  4C C6 F3                          JMP     FIND_GLOBAL         ;Find global label                 
03340      
03341  00F368  18            .NOSYM              CLC                         ;Indicate label given
03342  00F369  20 C9 F2                          JSR     UNDEF_ERROR         ;Exit with undefined label ERROR
03343  00F36C  A9 00                             LDA     #0                  ;Make Z=0 meaning label not found
03344  00F36E  60            .FOUND_LABEL        RTS
03345  
03346  00F36F  38            NO_LABEL            SEC                         ;Indicate no label given
03347  00F370  60                                RTS
03348  
03349  
03350  ;------------------------------------------------------------------------
03351  ; Find a local label in the symbol table
03352  ;------------------------------------------------------------------------
03353  00F371  A5 B1         FIND_LOCAL          LDA     GLOBAL              ;Start looking from the begin of
03354  00F373  85 E1                             STA     DEST                ;the last assigned global label
03355  00F375  A5 B2                             LDA     GLOBAL+1
03356  00F377  85 E2                             STA     DEST+1
03357  00F379  F0 F4                             BEQ     NO_LABEL            ;No global label ERROR!
03358  00F37B  E8                                INX                         ;Next char must be a digit!
03359  00F37C  B5 19                             LDA     IN,X
03360  00F37E  C9 30                             CMP     #'0'
03361  00F380  90 ED                             BCC     NO_LABEL            ;It's not!
03362  00F382  C9 3A                             CMP     #'9'+1
03363  00F384  B0 E9                             BCS     NO_LABEL            ;It's not!
03364      
03365  00F386  20 42 E8                          JSR     GET_VAL             ;Get local label number
03366  00F389  A5 D2                             LDA     HEXVAL
03367  00F38B  85 C4                             STA     LL_NUM
03368  00F38D  C9 64                             CMP     #100                ;Value must be below 100!
03369  00F38F  B0 DE                             BCS     NO_LABEL            ;It is not!
03370  00F391  A5 D3                             LDA     HEXVAL+1
03371  00F393  D0 DA                             BNE     NO_LABEL            ;It is not!
03372      
03373  00F395  A0 03                             LDY     #5-2                ;Point to start of local labels
03374  00F397  C8            .LOOP               INY                         ;Each record contains 2 bytes
03375  00F398  C8                                INY
03376  00F399  B1 E1                             LDA     (DEST),Y            ;Could it be this one?
03377  00F39B  C9 FF                             CMP     #$FF
03378  00F39D  F0 15                             BEQ     .DONE               ;Nope! End of record
03379  00F39F  29 7F                             AND     #%01111111          ;Ignore label declared flag !!!
03380  00F3A1  C5 C4                             CMP     LL_NUM
03381  00F3A3  D0 F2                             BNE     .LOOP               ;It's not this one!
03382      
03383  00F3A5  C8                                INY
03384  00F3A6  18                                CLC                         ;Add label's offset to global
03385  00F3A7  A5 B3                             LDA     GLOBAL_VAL          ; label's value
03386  00F3A9  71 E1                             ADC     (DEST),Y
03387  00F3AB  85 D2                             STA     HEXVAL
03388  00F3AD  A5 B4                             LDA     GLOBAL_VAL+1
03389  00F3AF  69 00                             ADC     #0
03390  00F3B1  85 D3                             STA     HEXVAL+1
03391  00F3B3  88                                DEY
03392  
03393  00F3B4  18            .DONE               CLC                         ;Add offset to pointer
03394  00F3B5  98                                TYA
03395  00F3B6  65 E1                             ADC     DEST
03396  00F3B8  85 E1                             STA     DEST
03397  00F3BA  90 02                             BCC     .NOCY               ;No carry
03398  00F3BC  E6 E2                             INC     DEST+1
03399  00F3BE  A0 00         .NOCY               LDY     #0                  ;Now clear Y (points to same addr)
03400  00F3C0  B1 E1                             LDA     (DEST),Y            ;Set/clear label found flag
03401  00F3C2  C9 FF                             CMP     #$FF                ;Z=1 if label not found
03402  00F3C4  18                                CLC                         ;There was no ERROR in label name
03403  00F3C5  60                                RTS
03404  
03405  
03406  ;------------------------------------------------------------------------
03407  ; Find a global label in the symbol table or ROM Table
03408  ; Global Label can also end with :
03409  ; returns word in HEXVAL
03410  ;------------------------------------------------------------------------
03411                  .IF ROM_LIBRRAY 
03412  
03413  00F3C6  A5 EE         FIND_GLOBAL         LDA     SYM_TABLE           ;Start looking from the begin of
03414  00F3C8  85 E1                             STA     DEST                ; the symbol table
03415  00F3CA  A5 EF                             LDA     SYM_TABLE+1
03416  00F3CC  85 E2                             STA     DEST+1
03417  
03418  00F3CE  86 DC         FIND_GLOBAL_SRCH    STX     SAVE_Y              ;Save start of label name
03419  00F3D0  E8            .MARK_END           INX                         ;Find end of label we're looking
03420  00F3D1  B5 19                             LDA     IN,X                ; for
03421  00F3D3  C9 2E                             CMP     #'.'
03422  00F3D5  F0 F9                             BEQ     .MARK_END           ;Not end yet!
03423  00F3D7  C9 30                             CMP     #'0'
03424  00F3D9  90 0C                             BCC     .FOUND_END          ;End!
03425  00F3DB  C9 3A                             CMP     #'9'+1
03426  00F3DD  90 F1                             BCC     .MARK_END
03427  00F3DF  C9 41                             CMP     #'A'
03428  00F3E1  90 04                             BCC     .FOUND_END          ;End!
03429  00F3E3  C9 5B                             CMP     #'Z'+1
03430  00F3E5  90 E9                             BCC     .MARK_END
03431  00F3E7  86 D1         .FOUND_END          STX     DELIM               ;Character must be restored later! x=last character of the label
03432                      ;AND     #%01111111         ;Temporarily mark end of label = z=1
03433  00F3E9  09 80                             ORA     #%10000000          ;Ignore declared flag
03434  00F3EB  95 19                             STA     IN,X
03435  
03436  00F3ED  A0 00         .FND_GLOBAL         LDY     #0                  ;Outer search loop
03437  00F3EF  B1 E1                             LDA     (DEST),Y
03438  00F3F1  F0 27                             BEQ     .EXIT               ;End of symbol table reached!
03439                      ;ORA     #%10000000         ;Ignore declared flag
03440  00F3F3  29 7F                             AND     #%01111111          ;Ignore declared flag
03441  00F3F5  C5 C5                             CMP     FIRST_CHAR          ;Should we bother looking further?
03442  00F3F7  D0 45                             BNE     .FAIL               ;Nope! Find next global label
03443      
03444  00F3F9  A6 DC                             LDX     SAVE_Y              ;Point to begin of label again
03445  00F3FB  A0 04                             LDY     #4                  ;Get pointer to label's name
03446  00F3FD  B1 E1                             LDA     (DEST),Y            ; in source file
03447  00F3FF  85 E0                             STA     SRCE+1              ;(Going backwards leaves Y=3)
03448  00F401  88                                DEY
03449  00F402  B1 E1                             LDA     (DEST),Y
03450  00F404  85 DF                             STA     SRCE
03451  
03452  00F406  B5 19         .CMP_GLOBAL         LDA     IN,X                ;Compare strings
03453  00F408  30 08                             BMI     .EOL                ;End of label reached! 
03454  00F40A  D1 DF                             CMP     (SRCE),Y            ;Do they still match?
03455  00F40C  D0 30                             BNE     .FAIL               ;Nope!
03456  00F40E  E8                                INX
03457  00F40F  C8                                INY
03458  00F410  D0 F4                             BNE     .CMP_GLOBAL         ;Keep trying! Always taken
03459  
03460  00F412  B1 DF         .EOL                LDA     (SRCE),Y            ;Is label in source also at end?
03461  00F414  30 04                             BMI     .EXIT               ;Yes! (packed space or LineLeng)
03462  00F416  C9 3A                             CMP     #':'
03463  00F418  D0 24                             BNE     .FAIL               ;Nope!
03464  
03465  00F41A  A6 D1         .EXIT               LDX     DELIM               ;Label found or at end of symtab
03466  00F41C  B5 19                             LDA     IN,X                ;Restore end of label marker
03467                      ;ORA     #%10000000         ;only used for apple
03468  00F41E  29 7F                             AND     #%01111111
03469  00F420  95 19                             STA     IN,X
03470  00F422  A0 00                             LDY     #0
03471  00F424  B1 E1                             LDA     (DEST),Y            ;A will be 0 if label not found
03472  00F426  F0 14                             BEQ     .RTS                ;Label not found!
03473  00F428  49 80                             EOR     #%10000000          ;Save label's assigned flag
03474                      ;AND     #%10000000         ;  (inverted!)
03475  00F42A  25 B0                             AND     PASS                ;Remains 0 if pass 1
03476  00F42C  85 B5                             STA     LABEL_FLAG
03477  00F42E  C8                                INY
03478  00F42F  B1 E1                             LDA     (DEST),Y            ;Save label's value
03479  00F431  85 D2                             STA     HEXVAL
03480  00F433  C8                                INY
03481  00F434  B1 E1                             LDA     (DEST),Y
03482  00F436  85 D3                             STA     HEXVAL+1
03483  00F438  A0 00                             LDY     #0                  ;Restore pointer
03484  00F43A  A5 C5                             LDA     FIRST_CHAR          ; and first char (Z=0)
03485  00F43C  18            .RTS                CLC                         ;There was no ERROR in label name
03486  00F43D  60                                RTS
03487      
03488  00F43E  A0 05         .FAIL               LDY     #5                  ;Find next label
03489  00F440  B1 E1         .NXT_GLOBAL         LDA     (DEST),Y            ;Try to find $FF which signals
03490  00F442  C8                                INY                         ; the end of this label
03491  00F443  C9 FF                             CMP     #$FF
03492  00F445  D0 F9                             BNE     .NXT_GLOBAL         ;Not yet!
03493  00F447  98                                TYA                         ;Add current offset to DEST
03494  00F448  18                                CLC
03495  00F449  65 E1                             ADC     DEST
03496  00F44B  85 E1                             STA     DEST
03497  00F44D  90 9E                             BCC     .FND_GLOBAL         ;No carry needed!
03498  00F44F  E6 E2                             INC     DEST+1
03499  00F451  80 9A                             BRA     .FND_GLOBAL         ;Always taken!      
03500  
03501  
03502  ;------------------------------------------------------------------------
03503  ; Add label
03504  ;------------------------------------------------------------------------
03505  00F453  20 51 F3      ADD_LABEL           JSR     FIND_LABEL          ;Find label in symbol table
03506  00F456  B0 44                             BCS     .LBL_ERR            ;It was not a valid label!
03507  00F458  D0 47                             BNE     .FOUND_IT           ;Found the label!
03508  00F45A  A5 C5                             LDA     FIRST_CHAR          ;What type of label is it?
03509  00F45C  C9 2E                             CMP     #'.'
03510  00F45E  F0 56                             BEQ     .ADD_LOCAL          ;It is a local label!
03511      
03512  00F460  A9 06                             LDA     #6                  ;Make room for 6 bytes in the
03513  00F462  20 3A F3                          JSR     EXP_SYM             ; symbol table
03514  00F465  A5 C5                             LDA     FIRST_CHAR          ;Save first character of label
03515  ;                   AND     #%01111111          ; in symbol table (clear declared
03516  00F467  91 E1                             STA     (DEST),Y            ;  flag first)
03517  00F469  C8                                INY
03518  00F46A  A5 B9                             LDA     PC                  ;Place current PC into symbol
03519  00F46C  91 E1                             STA     (DEST),Y            ; table
03520  00F46E  C8                                INY
03521  00F46F  A5 BA                             LDA     PC+1
03522  00F471  91 E1                             STA     (DEST),Y
03523  00F473  C8                                INY                         ;Place source pointer in symbol
03524  00F474  A5 B6                             LDA     PNTR                ; table (where the label name
03525  00F476  91 E1                             STA     (DEST),Y            ;  can be found)
03526  00F478  C8                                INY
03527  00F479  A5 B7                             LDA     PNTR+1
03528  00F47B  20 DD F4                          JSR     SAVE_ENDSYM         ;Save last 3 bytes of symbol table
03529  
03530  00F47E  A5 E1         .COPY_GLOBAL        LDA     DEST                ;Copy symbol table pointer
03531  00F480  85 B1                             STA     GLOBAL              ; to last global label
03532  00F482  A5 E2                             LDA     DEST+1
03533  00F484  85 B2                             STA     GLOBAL+1
03534  00F486  A0 01                             LDY     #1                  ;Copy last global label's value
03535  00F488  B1 E1                             LDA     (DEST),Y
03536  00F48A  85 B3                             STA     GLOBAL_VAL
03537  00F48C  C8                                INY
03538  00F48D  B1 E1                             LDA     (DEST),Y
03539  00F48F  85 B4                             STA     GLOBAL_VAL+1
03540  00F491  CA                                DEX
03541  
03542  00F492  20 D7 F4      .BLANK              JSR     NEXT_IN             ;Find first blank or EOL
03543  00F495  F0 04                             BEQ     .RTS                ;EOL!
03544  00F497  C9 20                             CMP     #SP
03545  00F499  D0 F7                             BNE     .BLANK              ;Try again!
03546  00F49B  60            .RTS                RTS
03547  
03548  00F49C  20 C6 F2      .LBL_ERR            JSR     NOLABEL             ;Exit with label EERROR
03549  00F49F  D0 F1                             BNE     .BLANK              ;Always taken!
03550  
03551  00F4A1  A5 B0         .FOUND_IT           LDA     PASS                ;What pass are we in?
03552  00F4A3  F0 0D                             BEQ     .EXT_DEF            ;Pass 1! Extra definition
03553      
03554  00F4A5  B1 E1                             LDA     (DEST),Y            ;Set declared flag in pass 2
03555  00F4A7  09 80                             ORA     #%10000000
03556  00F4A9  91 E1                             STA     (DEST),Y
03557      
03558  00F4AB  A5 C5                             LDA     FIRST_CHAR          ;What type was the label?
03559  00F4AD  C9 2E                             CMP     #'.'
03560  00F4AF  D0 CD                             BNE     .COPY_GLOBAL        ;Copy last global label pointer
03561  00F4B1  60                                RTS
03562  
03563  00F4B2  A9 96         .EXT_DEF            LDA     #ERR_EXT            ;Exit with extra definition EERROR
03564  00F4B4  80 1A                             BRA     SET_ERROR
03565  
03566  00F4B6  A9 02         .ADD_LOCAL          LDA     #2                  ;Make room for 2 bytes in the
03567  00F4B8  20 3A F3                          JSR     EXP_SYM             ; symbol table
03568  00F4BB  A5 C4                             LDA     LL_NUM              ;Save label number in symbol
03569  00F4BD  91 E1                             STA     (DEST),Y            ;  table
03570  00F4BF  C8                                INY
03571  00F4C0  38                                SEC                         ;Calculate offset from last global
03572  00F4C1  A5 B9                             LDA     PC
03573  00F4C3  E5 B3                             SBC     GLOBAL_VAL
03574  00F4C5  20 DD F4                          JSR     SAVE_ENDSYM         ;Save last 3 bytes of symbol table
03575  
03576  00F4C8  A5 BA                             LDA     PC+1                ;Check offset range now
03577  00F4CA  E5 B4                             SBC     GLOBAL_VAL+1
03578  00F4CC  F0 CD                             BEQ     .RTS                ;Range is OK!
03579  
03580  
03581  ;------------------------------------------------------------------------
03582  ; Set RANGE and set ERRRO
03583  ;------------------------------------------------------------------------
03584  00F4CE  A9 17         RANGE_ERROR         LDA     #ERR_RNG            ;Exit with range EERROR
03585  00F4D0  85 C9         SET_ERROR           STA     ERROR
03586  00F4D2  4C 1D F6                          JMP     BAD                 ;set Y=FAIL
03587  
03588  
03589  ;------------------------------------------------------------------------
03590  ; Get next char from input buffer and compare it with CR
03591  ;------------------------------------------------------------------------
03592  00F4D5  A0 00         NEXT_IN_Y0          LDY     #0                  ;Clear Y for different purposes
03593  00F4D7  E8            NEXT_IN             INX                         ;Well, let's do just that!
03594  00F4D8  B5 19         IN_CR               LDA     IN,X
03595  00F4DA  C9 0D                             CMP     #CR
03596  00F4DC  60                                RTS
03597  
03598  
03599  ;------------------------------------------------------------------------
03600  ; Save last 3 bytes to symbol table to save some code
03601  ;------------------------------------------------------------------------
03602  00F4DD  91 E1         SAVE_ENDSYM         STA     (DEST),Y            ;Save low byte of offset only
03603  00F4DF  C8                                INY
03604  00F4E0  A9 FF                             LDA     #$FF                ;Save end of label marker
03605  00F4E2  91 E1                             STA     (DEST),Y
03606  00F4E4  C8                                INY
03607  00F4E5  A9 00                             LDA     #0                  ;Save new end of symbol table flag
03608  00F4E7  91 E1                             STA     (DEST),Y
03609  00F4E9  60                                RTS
03610  
03611  
03612      .include    "Dissassembler Lib.65s"
03613  ; LIBRARY FILE DISSESSEMBER.65S
03614  ; version 2.30
03615  ; two pass symbolic assembler, dissembler and tracer
03616  ; REGB bits 0-3 are connected to LED's
03617  ; tested in Michael Kowalski 6502 Simulator - using 65C02 Code 
03618  ; Programmed by Joe DiMeglio
03619  ; https://github.com/jdimeglio/6502-Monitor
03620  ; bug fixes
03621           
03622  
03623  ;------------------------------------------------------------------------
03624  ; Decode mnemonic and operand
03625  ;------------------------------------------------------------------------
03626  00F4EA  20 F0 F4      MNEMON              JSR     CMPMNE              ;AC = has left MNE :THEN FND INDEX AND SAVE IT IN   
03627                      ;LDA    CURMNE                      
03628                      ;CMP    #FAIL               ;Check MNEMONIC error
03629                      ;BNE    .MNE_ERR                    
03630                      ;LDA    #ERR_MNE
03631                      ;STA    ERROR
03632                      ;BRA    .MNE_ERR                    
03633                      ;JSR     CALCAM              ;Calculate addres 
03634  00F4ED  4C 7C F5                          JMP     CALCAM              ;Calculate addres
03635  ;.MNE_ERR            RTS
03636  
03637  ;------------------------------------------------------------------------
03638  ; Compress MEN into PARM1 & PARM1+1
03639  ; X points to the index in the keyboard IN
03640  ;------------------------------------------------------------------------
03641  00F4F0  DA            CMPMNE              PHX                     ;save X index to keyboard buffer
03642  00F4F1  18                                CLC                     ;AC = has left MNE
03643  00F4F2  66 CB                             ROR     PARM1                       
03644  00F4F4  8A                                TXA
03645  00F4F5  18                                CLC
03646  00F4F6  69 19                             ADC     #IN             ;Calc IN address + X
03647  00F4F8  85 DF                             STA     SRCE
03648  00F4FA  64 E0                             STZ     SRCE+1          ;*** Could be removed if ZP load
03649  00F4FC  A0 02                             LDY     #$02            ;Three letters
03650  ;.NEXT2              SEC
03651  ;                    LDA     (SRCE),Y        ;get the letters SHOULD BE ZERO Page load
03652  ;                    SBC     #'A'-1
03653                      
03654                      
03655  00F4FE  B1 DF         .NEXT2              LDA     (SRCE),Y        ; get the letters
03656  00F500  29 1F                             AND     #$1F            ; Instantly maps 'A' to 1, 'B' to 2, 'Z' to 26                    
03657                      
03658                      
03659  00F502  A2 05                             LDX     #$05            ;shift
03660  00F504  4A            .NEXTROT            LSR
03661  00F505  66 CB                             ROR     PARM1
03662  00F507  66 CC                             ROR     PARM1+1
03663  00F509  CA                                DEX
03664  00F50A  D0 F8                             BNE     .NEXTROT
03665  00F50C  88                                DEY
03666  00F50D  10 EF                             BPL     .NEXT2          ;Nemonic now compressed     
03667  00F50F  A2 42                             LDX     #NUMMN          ;Number of mnemonics to search through
03668  00F511  BD 43 F7      .LOOP               LDA     LMNETB-1,X      ;search 
03669  00F514  C5 CB                             CMP     PARM1
03670  00F516  D0 07                             BNE     .NXT
03671  00F518  BD 85 F7                          LDA     RMNETB-1,X
03672  00F51B  C5 CC                             CMP     PARM1+1
03673  00F51D  F0 03                             BEQ     .FND
03674  00F51F  CA            .NXT                DEX
03675  00F520  D0 EF                             BNE     .LOOP
03676  00F522  CA            .FND                DEX                     ;X = $FF for failure
03677  00F523  86 C6                             STX     CURMNE 
03678  00F525  FA                                PLX                     ;restore X 
03679  00F526  E8                                INX
03680  00F527  E8                                INX
03681  00F528  E8                                INX                     ;Adjust the buffer index to point to next Char
03682  00F529  60                                RTS     
03683  
03684  
03685  ;------------------------------------------------------------------------
03686  ; Make Object code from NME
03687  ; MNE is in CURMNE, addr mode is in CURADM
03688  ; and the args are in HEXVAL,H
03689  ; calculate the object code, and update PC
03690  ;------------------------------------------------------------------------
03691  00F52A  A4 C6         MKOBJC              LDY     CURMNE          ;Index to the table
03692  00F52C  B9 E6 F7                          LDA     BASE,Y          ;get base value for current mnemonic
03693  00F52F  A6 C7                             LDX     CURADM          ;ADdress mode
03694  00F531  18                                CLC
03695  00F532  7D 28 F8                          ADC     OFFSET,X        ;add in the offset  
03696  00F535  E0 0C         .NOSTZ              CPX     #ABY            ;handle exceptions
03697  00F537  F0 14                             BEQ     .CHABY
03698  00F539  E0 02                             CPX     #IMM
03699  00F53B  D0 17                             BNE     .CONT
03700  00F53D  C0 22                             CPY     #$22            ;check if BIT first
03701  00F53F  D0 02                             BNE     .NOBIT
03702  00F541  69 68                             ADC     #ADJBIT
03703  00F543  C0 28         .NOBIT              CPY     #$28            ;immediate mode need to adjust a range
03704  00F545  30 0D                             BMI     .CONT
03705  00F547  C0 30                             CPY     #$2F+1
03706  00F549  B0 09                             BCS     .CONT
03707  00F54B  69 08                             ADC     #ADJIMM         ;carry is clear
03708  ;                   BNE     .CONT   
03709  00F54D  C0 35         .CHABY              CPY     #$35            ;LDX check
03710  00F54F  D0 03                             BNE     .CONT
03711  00F551  18                                CLC
03712  00F552  69 04                             ADC     #ADJABY
03713  00F554  C0 23         .CONT               CPY     #$23            ;STZ needs special handling
03714  00F556  D0 0A                             BNE     .DONE
03715  00F558  E0 0A                             CPX     #ABS
03716  00F55A  30 06                             BMI     .DONE
03717  00F55C  F0 02                             BEQ     .SKIP
03718  00F55E  69 F1                             ADC     #$1-$10         ;carry is set
03719  00F560  69 2F         .SKIP               ADC     #$30-1          ;carry is set
03720  00F562  20 FD F2      .DONE               JSR     SAVE_OBJ        ;we have the object code
03721  
03722              .IF     BRKAS2                  ;if we want to add two BRK
03723  
03724  .MKARG                                      ;where appropriate, the arg value is in HEXVAL,H
03725                                              ;copy to ARGS and null terminate
03726  00F565  8A                                TXA                     ;quick check for X=0
03727  00F566  F0 13                             BEQ     .DORTS          ;IMP - no args
03728  00F568  CA                                DEX
03729  00F569  F0 10                             BEQ     .DORTS          ;ACC - no args      
03730  00F56B  A5 D2                             LDA     HEXVAL
03731  00F56D  E0 09                             CPX     #ABS-1          ;word arg if X is greater than or equal to ABS
03732  00F56F  30 05                             BMI     .DOBYTE         ;X < #ABS   
03733  00F571  20 FD F2      .DOWORD             JSR     SAVE_OBJ        ;Save byte(s)
03734  00F574  A5 D3                             LDA     HEXVAL+1
03735  00F576  20 FD F2      .DOBYTE             JSR     SAVE_OBJ
03736  00F579  64 C9                             STZ     ERROR           ;no error really??
03737  00F57B  60            .DORTS              RTS
03738  
03739  
03740  ;------------------------------------------------------------------------
03741  ; work out the addressing mode
03742  ;------------------------------------------------------------------------   
03743  CALCAM                                          ; work out the addressing mode
03744  00F57C  20 84 F5                          JSR     ADDMOD  
03745  00F57F  E0 FF                             CPX     #FAIL
03746  00F581  D0 A7                             BNE     MKOBJC
03747                      ;LDY    #$FF    ; Illegal address mode error
03748  00F583  60                                RTS
03749  
03750  
03751  ;------------------------------------------------------------------------   
03752  ;Find addressing MODE
03753  ;SRCE = points top begining of NME in buffer
03754  ;CURMNE = location of found NME
03755  ;------------------------------------------------------------------------
03756  ADDMOD                                          ;Check the arguments and work out the
03757                                                  ;addressing mode
03758                                                  ;return mode in X
03759                                                  ;default error value for mode
03760                                                  ;save it    
03761                                                  ;Start checking the format...   
03762          
03763  00F584  A4 C6                             LDY     CURMNE              ;Holds the current mne index
03764  00F586  20 0A E8                          JSR     NNONSPC             ;get next no space              
03765  00F589  86 DC                             STX     SAVE_Y              ;Save oprand address from keyboard buffer
03766  00F58B  D0 13                             BNE     .NOTSP              ;not end of line
03767  00F58D  C0 12         .EOL                CPY     #$12                ;check exception first - JSR
03768  00F58F  F0 09                             BEQ     .RET
03769  00F591  A0 00                             LDY     #IMP                ;implied mode - space
03770  00F593  20 0E F6                          JSR     CHKMOD              ;check command is ok with this mode
03771  00F596  C0 FF                             CPY     #FAIL               ;not ok     
03772  00F598  F0 01                             BEQ     .NOTIMP             ;may still be accumulator mode though
03773  00F59A  60            .RET                RTS
03774  00F59B  A0 01         .NOTIMP             LDY     #ACC                ;accumulator mode - space
03775  00F59D  4C 0E F6                          JMP     CHKMOD              ;check command is ok with this mode         
03776  00F5A0  C9 23         .NOTSP              CMP     #IMV                ;immediate mode - '#'
03777  00F5A2  F0 0B                             BEQ     .DOIMM              
03778  00F5A4  A0 03                             LDY     #REL
03779  00F5A6  20 0E F6                          JSR     CHKMOD              ;check if command is a branch
03780  00F5A9  C0 FF                             CPY     #FAIL
03781  00F5AB  F0 21                             BEQ     .NOTREL                 
03782  00F5AD  80 73                             BRA     DOREL               ;Do relative Addressing
03783  00F5AF  98            .DOIMM              TYA
03784  00F5B0  A0 02                             LDY     #IMM
03785  00F5B2  C9 2C                             CMP     #$2C                ;check exception first - STA
03786  00F5B4  F0 67                             BEQ     BAD         
03787  00F5B6  C9 35                             CMP     #$35                ;check inclusion - LDX
03788  00F5B8  F0 0B                             BEQ     .IMMOK
03789  00F5BA  C9 22                             CMP     #$22                ;check inclusion - BIT
03790  00F5BC  F0 07                             BEQ     .IMMOK
03791  00F5BE  20 0E F6                          JSR     CHKMOD              ;check command is ok with this mode
03792  00F5C1  C0 FF                             CPY     #FAIL
03793  00F5C3  F0 D5                             BEQ     .RET
03794  00F5C5  84 C7         .IMMOK              STY     CURADM              ;
03795  00F5C7  A6 DC                             LDX     SAVE_Y
03796  00F5C9  E8                                INX                         ;Get next Charater 
03797  00F5CA  20 49 E9      .GETVALUE           JSR     GET_EXPRES
03798  00F5CD  60                                RTS
03799  .NOTREL             ;LDX    SAVE_Y              ;save two bytes :-) 
03800  00F5CE  B5 19                             LDA     IN,X                ;check the more complicated modes
03801  00F5D0  C9 28                             CMP     #OPEN               ;indirection?
03802  00F5D2  D0 01                             BNE     .CONT               ;no
03803  00F5D4  E8                                INX                         ;skip the '('
03804  00F5D5  A6 DC         .CONT               LDX     SAVE_Y              ;restore the index
03805  00F5D7  20 45 F6                          JSR     FMT2AM              ;calculate the addressing mode from the format
03806  00F5DA  E0 FF                             CPX     #FAIL
03807  00F5DC  F0 BC                             BEQ     .RET
03808  00F5DE  84 C7                             STY     CURADM
03809  
03810  
03811  ;------------------------------------------------------------------------
03812  ;           JMP CHKEXS
03813  ;           falls through
03814  ;------------------------------------------------------------------------
03815  CHKEXS                                          ;Current addressing mode is in X
03816  00F5E0  C0 06                             CPY     #ZPY                ;for MNE indices 28 to 2F, ZPY is illegal
03817  00F5E2  D0 0E                             BNE     .CONT               ;but ABY is ok, so promote byte argument to word
03818  00F5E4  A4 C6                             LDY     CURMNE
03819  00F5E6  C0 28                             CPY     #$28
03820  00F5E8  90 08                             BCC     .CONT
03821  00F5EA  C0 30                             CPY     #$2F+1
03822  00F5EC  B0 04                             BCS     .CONT   
03823  00F5EE  A0 0C                             LDY     #ABY                ;updated addressing mode
03824  00F5F0  D0 28                             BNE     OK
03825  00F5F2  A2 08         .CONT               LDX     #SPCNT              ;check special includes
03826  00F5F4  BD 94 F8      .LOOP               LDA     SPINC1-1,X          ;load mnemonic code
03827  00F5F7  C5 C6                             CMP     CURMNE
03828  00F5F9  D0 0E                             BNE     .NEXT
03829  00F5FB  BC 9C F8                          LDY     SPINC2-1,X          ;load addressing mode
03830  00F5FE  C4 C7                             CPY     CURADM
03831  00F600  F0 18                             BEQ     OK                  ;match - so ok
03832  00F602  BC A4 F8                          LDY     SPINC3-1,X          ;load addressing mode
03833  00F605  C4 C7                             CPY     CURADM
03834  00F607  F0 11                             BEQ     OK                  ;match - so ok
03835  00F609  CA            .NEXT               DEX
03836  00F60A  D0 E8                             BNE     .LOOP
03837  00F60C  A4 C7                             LDY     CURADM
03838  
03839  
03840  ;------------------------------------------------------------------------                   
03841  ;   BNE CHKMOD  ; wasn't in the exceptions table - check normally
03842  ; falls through
03843  ; CHeck Adressing Mode
03844  ;------------------------------------------------------------------------
03845  00F60E  A5 C6         CHKMOD              LDA     CURMNE              ;always > 0
03846  00F610  D9 C8 F7                          CMP     MIN,y               ;mode index in X
03847  00F613  90 08                             BCC     BAD                 ;mnemonic < MIN
03848  00F615  D9 D7 F7                          CMP     MAX,y               ;MAX,X holds actually MAX + 1
03849  00F618  B0 03                             BCS     BAD                 ;mnemonic > MAX
03850  00F61A  84 C7         OK                  STY     CURADM              ;save mode      
03851  00F61C  60                                RTS
03852  
03853  ;------------------------------------------------------------------------
03854  00F61D  A0 FF         BAD                 LDY     #FAIL               ;Illegal addressing mode error
03855  00F61F  84 C9                             STY     ERROR   
03856  00F621  60                                RTS
03857  
03858  
03859  ;------------------------------------------------------------------------       
03860  ; Calculate relative addressing mode {bug found}
03861  ;------------------------------------------------------------------------ 
03862  00F622  A6 DC         DOREL               LDX     SAVE_Y              ; restore index         
03863  00F624  20 0A E8                          JSR     NNONSPC             ;Find next non space
03864  00F627  20 49 E9                          JSR     GET_EXPRES          ;Evaluate expression                
03865  00F62A  A5 C2                             LDA     UNDEF               ;Undefined label used?
03866  00F62C  D0 16                             BNE     HEXVAL2OBJ          ;Yes! Can't verify range        
03867  00F62E  18                                CLC                         ;Calculate displacement (+1!)
03868  00F62F  A5 D2                             LDA     HEXVAL
03869  00F631  E5 B9                             SBC     PC
03870  00F633  85 D2                             STA     HEXVAL
03871  00F635  10 02                             BPL     .NOBOR              ;No borrow needed                   
03872  00F637  E6 D3                             INC     HEXVAL+1
03873  00F639  C6 D2         .NOBOR              DEC     HEXVAL              ;adjust
03874  00F63B  A5 D3                             LDA     HEXVAL+1            ;See if high byte of displacement
03875  00F63D  E5 BA                             SBC     PC+1                ;is 0                   
03876  00F63F  F0 03                             BEQ     HEXVAL2OBJ          ;OK!
03877  00F641  20 CE F4      .RANGE              JSR     RANGE_ERROR         ;Range error!
03878  00F644  60            HEXVAL2OBJ          RTS
03879                      ;LDA     HEXVAL             ;Save displacement
03880                      ;JMP     SAVE_OBJ
03881  
03882  
03883  ;------------------------------------------------------------------------
03884  ;Fomrat to Addressing and calculate the addressing given the format of the arguments
03885  ; return format in X, and location to CHKEXT from in A
03886  ;
03887  ; $FF       invalid
03888  ; #ZPG      $nn
03889  ; #ZPX      $nn,X
03890  ; #ZPY      $nn,Y
03891  ; #ABS      $nnnn
03892  ; #ABX      $nnnn,X
03893  ; #ABY      $nnnn,Y
03894  ; #IND      ($nnnn)
03895  ; #IDX      ($nn,X)
03896  ; #IDY      ($nn),Y
03897  ; #INZ      ($nn)
03898  ; #IAX      ($nnnn,X)
03899  ;       
03900  ;   Addressing modes are organised as follows:
03901  ;
03902  ;   IMP (0) ZPG (4) INZ (7) ABS (A) IND (D)
03903  ;   ACC (1) ZPX (5) INX (8) ABX (B) IAX (E)
03904  ;   IMM (2) ZPY (6) INY (9) ABY (C) ---
03905  ;   REL (3) ---  ---    --- ---
03906  ;
03907  ;   so algorithm below starts with 4, adds 3 if indirect
03908  ;   and adds 6 if absolute (i.e. 2 byte address), then adds 1 or 2
03909  ;   if ,X or ,Y format
03910  ;------------------------------------------------------------------------
03911  ; =======================================================================
03912  ; FORMAT TO ADDRESSING MODE (FMT2AM)
03913  ; -----------------------------------------------------------------------
03914  ; Calculates the addressing mode index based on operand punctuation.
03915  ; Uses 'CHAR' as a state machine to guarantee strict 6502 bracket syntax.
03916  ; =======================================================================
03917  00F645  64 D5         FMT2AM              STZ     CHAR                ; State 0: No bracket opened
03918                      
03919  00F647  A9 04                             LDA     #$04                ; Start with Zero Page base mode (4)
03920  00F649  B4 19                             LDY     IN,X
03921  00F64B  C0 28                             CPY     #OPEN               ; Did the user type '('?
03922  00F64D  D0 06                             BNE     .SKIP
03923                      
03924  00F64F  84 D5                             STY     CHAR                ; State 1: Tracker = '('
03925  00F651  18                                CLC                         
03926  00F652  69 03                             ADC     #$03                ; Shift base to Indirect modes (+3)
03927  00F654  E8                                INX                         ; Consume '('
03928                      
03929  00F655  48            .SKIP               PHA                         ; Save base mode onto stack
03930  00F656  20 42 E8                          JSR     GET_VAL             ; Parse the hex/math operand value
03931  00F659  CA                                DEX
03932  00F65A  38                                SEC                         
03933  00F65B  8A                                TXA                         
03934  00F65C  E5 DC                             SBC     SAVE_Y              
03935  00F65E  4A                                LSR                         ; Divide bytes parsed by 2
03936  00F65F  A8                                TAY                         ; Y = 1 (1-byte operand) or 2 (2-byte operand)
03937                      
03938  00F660  A5 C6                             LDA     CURMNE
03939  00F662  C9 12                             CMP     #$12                ; Is it JSR?
03940  00F664  F0 04                             BEQ     .JSR
03941  00F666  C9 38                             CMP     #$38                ; Is it JMP?
03942  00F668  D0 02                             BNE     .NOJMP
03943  00F66A  A0 02         .JSR                LDY     #$2                 ; JSR and JMP are ALWAYS 2-byte addresses
03944                      
03945  00F66C  68            .NOJMP              PLA                         ; Restore mode base from stack
03946  00F66D  E8                                INX                         
03947  00F66E  F0 56                             BEQ     FERR                ; Throw error if GET_VAL failed
03948  00F670  88                                DEY
03949  00F671  F0 03                             BEQ     .1BYT               ; If 1-byte, base is fully calculated!
03950                      
03951  00F673  18            .2BYT               CLC                         
03952  00F674  69 06                             ADC     #$06                ; If 2-bytes, add 6 to shift base to Absolute modes
03953  00F676  A8            .1BYT               TAY                         ; Y now holds the final Base Mode Index
03954                      
03955                      				; --- PUNCTUATION PARSER ---
03956  00F677  A5 B5         .CHECK              LDA     LABEL_FLAG          ; Was this a resolved label?
03957  00F679  D0 3E                             BNE     .DONE               
03958  00F67B  20 0A E8                          JSR     NNONSPC             ; Fetch next non-space character
03959  00F67E  F0 39                             BEQ     .DONE               ; EOL reached
03960  00F680  C9 3B                             CMP     #';'
03961  00F682  F0 44                             BEQ     FRET                ; Comment reached
03962                      
03963  00F684  C9 29                             CMP     #CLOSE              ; Is it ')'?
03964  00F686  D0 0D                             BNE     .CHK_COMMA
03965                      
03966  00F688  A5 D5                             LDA     CHAR                ; Did we ever open a bracket?
03967  00F68A  C9 28                             CMP     #OPEN
03968  00F68C  D0 38                             BNE     FERR                ; Error: ')' without '('!
03969  00F68E  A9 29                             LDA     #CLOSE
03970  00F690  85 D5                             STA     CHAR                ; State 2: Tracker = ')' (Bracket is closed)
03971  00F692  E8                                INX                         ; Consume ')'
03972  00F693  80 E2                             BRA     .CHECK              ; Loop back to look for ,X or ,Y
03973                      
03974  00F695  C9 2C         .CHK_COMMA          CMP     #COMMA              ; Must be a comma now
03975  00F697  D0 2D                             BNE     FERR                ; If not, syntax error!
03976  00F699  E8                                INX                         ; Consume ','
03977                      
03978  00F69A  20 0A E8                          JSR     NNONSPC             ; Fetch char after comma
03979  00F69D  C9 58                             CMP     #'X'
03980  00F69F  F0 0E                             BEQ     .ISX
03981  00F6A1  C9 59                             CMP     #'Y'
03982  00F6A3  D0 21                             BNE     FERR                ; Only X or Y allowed after comma
03983                      
03984                      				; --- Y INDEXING ---
03985  00F6A5  A5 D5         .ISY                LDA     CHAR
03986  00F6A7  C9 28                             CMP     #OPEN
03987  00F6A9  F0 1B                             BEQ     FERR                ; Error: ($12,Y) is invalid! Bracket must be closed first.
03988  00F6AB  C8                                INY                         
03989  00F6AC  C8                                INY                         ; Add 2 to mode index for Y
03990  00F6AD  80 07                             BRA     .IDX_DONE
03991                      
03992                      				; --- X INDEXING ---
03993  00F6AF  A5 D5         .ISX                LDA     CHAR
03994  00F6B1  C9 29                             CMP     #CLOSE              
03995  00F6B3  F0 11                             BEQ     FERR                ; Error: ($12),X is invalid! Bracket must still be open.
03996  00F6B5  C8                                INY                         ; Add 1 to mode index for X
03997                      
03998  00F6B6  E8            .IDX_DONE           INX                         ; Consume the X or Y
03999  00F6B7  80 BE                             BRA     .CHECK              ; Loop back to ensure line is clean
04000                      
04001                      				; --- END OF LINE VALIDATION ---
04002  00F6B9  A5 D5         .DONE               LDA     CHAR                
04003  00F6BB  C9 28                             CMP     #OPEN               
04004  00F6BD  F0 07                             BEQ     FERR                ; Error: '(' was opened but never closed!
04005                      
04006  00F6BF  C0 0F         .RET                CPY     #$0F                ; Make sure mode index < 15
04007  00F6C1  10 03                             BPL     FERR                ; If >= 15, mode doesn't exist (e.g., Indirect Absolute Y)
04008  00F6C3  98                                TYA
04009  00F6C4  AA                                TAX                         ; Return valid Addressing Mode Index in X
04010  00F6C5  60                                RTS
04011                      
04012  00F6C6  A2 FF         FERR                LDX     #FAIL               ; Return failure flag
04013  00F6C8  60            FRET                RTS
04014  
04015  
04016  ;------------------------------------------------------------------------------------------     
04017  ; Get the MNE index using the following rules:
04018  ;   - lookup awkward cases in a lookup table (DISTBL)
04019  ;   - consider opcodes by category:
04020  ;       1: nnnn1000 -> nnnn
04021  ;       2: nnn10000 -> nnn + BPL
04022  ;       3: nnnn1010 or 0nn00000 -> BRK + nnnn(0nn0)
04023  ;       4: change nnnX0010 to nnnX0001
04024  ;       5: nnnXXXab -> 001abnnn if >= 23
04025  ;       6: 001abnnn + 1 otherwise
04026  ;
04027  ; Converts a raw 6502/65C02 opcode (in A) into a mnemonic index (0-65).
04028  ; Instead of a 256-byte lookup table, this decodes the CPU's internal 
04029  ; silicon bit-patterns (the aaa-bbb-cc matrix).
04030  ; =======================================================================
04031  GETMNE                                          
04032  00F6C9  85 E7                             STA     TEMP1               ; Save the raw opcode for later reference
04033                      
04034                      				; --- 1. CHECK EXCEPTIONS TABLE ---
04035  00F6CB  A2 1A                             LDX     #TBLSZ              ; Load size of the exceptions table
04036  00F6CD  BD 28 F7      .LOOP               LDA     DISTBL-2,X          ; Read an exception opcode
04037  00F6D0  C5 E7                             CMP     TEMP1               ; Does it match our current opcode?
04038  00F6D2  D0 04                             BNE     .SKIP               ; No, keep looking
04039  00F6D4  BD 29 F7                          LDA     DISTBL-1,X          ; YES! Load the hardcoded mnemonic index
04040  00F6D7  60                                RTS                         ; Return immediately
04041  00F6D8  CA            .SKIP               DEX
04042  00F6D9  CA                                DEX                         ; Move to the next Opcode/Index pair
04043  00F6DA  D0 F1                             BNE     .LOOP
04044                      
04045                      				; --- 2. ISOLATE HIGH NIBBLE ---
04046  00F6DC  A5 E7                             LDA     TEMP1               ; Reload the raw opcode
04047  00F6DE  4A                                LSR                         ; Shift right 4 times to isolate the top 4 bits
04048  00F6DF  4A                                LSR
04049  00F6E0  4A                                LSR
04050  00F6E1  4A                                LSR
04051  00F6E2  85 E8                             STA     TEMP2               ; Save the isolated high nibble (0-15)
04052                  
04053                      				; --- 3. CHECK IMPLIED/STACK OPS (xxxx1000) ---
04054  00F6E4  A5 E7                             LDA     TEMP1
04055  00F6E6  29 0F                             AND     #$0F                ; Look at just the bottom 4 bits
04056  00F6E8  C9 08                             CMP     #$08                ; Do they equal exactly 1000? (e.g., PHP, CLC, INY)
04057  00F6EA  D0 03                             BNE     .NOTC1
04058  00F6EC  A5 E8                             LDA     TEMP2               ; YES! For these, the high nibble IS the mnemonic index!
04059  00F6EE  60                                RTS 
04060                      
04061                      				; --- 4. CHECK BRANCH OPS (xxx10000) ---
04062  00F6EF  A5 E7         .NOTC1              LDA     TEMP1
04063  00F6F1  29 1F                             AND     #$1F                ; Look at the bottom 5 bits
04064  00F6F3  C9 10                             CMP     #$10                ; Do they equal 10000? (e.g., BPL, BMI, BVC)
04065  00F6F5  D0 06                             BNE     .NOTC2
04066  00F6F7  A5 E8                             LDA     TEMP2               ; YES! It's a branch. Load the high nibble.
04067  00F6F9  4A                                LSR                         ; Divide high nibble by 2
04068  00F6FA  69 38                             ADC     #$39-1              ; Add base index for branch mnemonics (Carry is SET here, hence the -1)
04069  00F6FC  60                                RTS
04070                      
04071                      				; --- 5. CHECK ACCUMULATOR & FLAG OPS ---
04072  00F6FD  A5 E7         .NOTC2              LDA     TEMP1
04073  00F6FF  29 9F                             AND     #$9F                ; Mask out bits 5 and 6 (the 'bbb' addressing mode bits)
04074  00F701  F0 06                             BEQ     .DOC3               ; If the remaining bits are 00000000, it's a flag op (like BRK)
04075  00F703  29 0F                             AND     #$0F                ; Mask out the top 4 bits
04076  00F705  C9 0A                             CMP     #$0A                ; Does it end in 1010? (Accumulator shifts: ASL A, ROL A)
04077  00F707  D0 06                             BNE     .NOTC3
04078  00F709  A5 E8         .DOC3               LDA     TEMP2               ; YES! Load the high nibble
04079  00F70B  18                                CLC
04080  00F70C  69 10                             ADC     #$10                ; Add the offset for the shift/rotate/flag mnemonics
04081  00F70E  60                                RTS
04082                      
04083                      				; --- 6. PREPARE FOR BOGAX HASH ---
04084  00F70F  A5 E7         .NOTC3              LDA     TEMP1               ; Load raw opcode
04085  00F711  AA                                TAX                         ; Save a copy in X for a quick check later
04086  00F712  29 1F                             AND     #$1F                ; Look at bottom 5 bits
04087  00F714  C9 12                             CMP     #$12                ; Does it end in 10010? (ORA (zp), AND (zp) - 65C02 specific)
04088  00F716  D0 01                             BNE     .1
04089  00F718  CA                                DEX                         ; Adjust X down by 1 to align it with standard addressing modes
04090  00F719  8A            .1                  TXA                         ; Move the (possibly adjusted) opcode back into A
04091                      
04092                      				; ===================================================
04093                      				; 7. THE BOGAX HASH (For standard ALU/Memory ops)
04094                      				; ---------------------------------------------------
04095                      				; The opcode is in binary format: ABCD EFGH
04096                      				; We need to scramble these bits to create a unique 
04097                      				; but sequential index for the remaining mnemonics.
04098                      				; ===================================================
04099  00F71A  0A                                ASL                         ; Shift left.  A = BCDE FGH0. (Carry = A)
04100  00F71B  69 80                             ADC     #$80                ; Add $80 + Carry. Inverts bit 7, shifts Carry (A) into bit 0!
04101                                                  ; A = ?CDE FGHA. (Where ? is inverted B. Carry = B)
04102  00F71D  2A                                ROL                         ; Rotate left. A = CDEF GHAB. (Carry = ?)
04103  00F71E  0A                                ASL                         ; Shift left.  A = DEFG HAB0. (Carry = C)
04104  00F71F  29 1F                             AND     #$1F                ; Mask off top 3 bits. A = 000G HAB0.
04105  00F721  69 20                             ADC     #$20                ; Add $20 (Carry is C!). A = 001G HABC.
04106                      
04107                      				; --- 8. FINAL CATEGORY CHECK ---
04108  00F723  C9 23                             CMP     #$23                ; Did the hash produce a value < 23?
04109  00F725  30 01                             BMI     .NOTC5              ; If yes, branch to category 5 (Add 1)
04110  00F727  60                                RTS                         ; If >= 23, the hash result is the exact mnemonic index!
04111                      
04112                      				; --- 9. CATEGORY 5 FIXUP ---
04113  00F728  1A            .NOTC5              INA                         
04114  00F729  60                                RTS        
04115  
04116  
04117  ;------------------------------------------------------------------------------------------     
04118  ; lookup table for disassembly special cases awkward/irregular opcodes
04119  ; Format: .BYTE <Opcode>, <Mnemonic_Index>
04120  ;------------------------------------------------------------------------------------------ 
04121    001A              TBLSZ   = $1A
04122  DISTBL  .BYTE $80, $41          ; $80 = BRA (Branch Always - 65C02 extension)
04123          .BYTE $4C, $38          ; $4C = JMP (Absolute)
04124          .BYTE $6C, $38          ; $6C = JMP (Indirect)
04125          .BYTE $7C, $38          ; $7C = JMP (Absolute Indexed Indirect, X - 65C02 extension)
04126          .BYTE $0A, $30          ; $0A = ASL A (Accumulator shifts break standard modes)
04127          .BYTE $2A, $31          ; $2A = ROL A 
04128          .BYTE $4A, $32          ; $4A = LSR A 
04129          .BYTE $6A, $33          ; $6A = ROR A 
04130          .BYTE $9C, $23          ; $9C = STZ (Absolute - 65C02 extension)
04131          .BYTE $9E, $23          ; $9E = STZ (Absolute, X - 65C02 extension)
04132          .BYTE $04, $20          ; $04 = TSB (Zero Page - 65C02 extension)
04133          .BYTE $0C, $20          ; $0C = TSB (Absolute - 65C02 extension)
04134          .BYTE $89, $22          ; $89 = BIT (Immediate - 65C02 extension)
04135  ;------------------------------------------------------------------------------------------
04136  ; Data and related constants
04137  ;------------------------------------------------------------------------------------------
04138  MODES           ; Addressing mode constants
04139    0000              IMP = $00       ;
04140    0001              ACC = $01
04141    0002              IMM = $02       ; #$nn or #'<char>' or #LABEL
04142    0003              REL = $03       ; *+nn or LABEL
04143    0004              ZPG = $04       ; $nn or LABEL
04144    0005              ZPX = $05       ; $nn,X or LABEL,X
04145    0006              ZPY = $06       ; $nn,Y or LABEL,Y
04146    0007              IDZ = $07       ; ($nn) or (LABEL)
04147    0008              IDX = $08       ; ($nn,X) or (LABEL,X)
04148    0009              IDY = $09       ; ($nn),Y or (LABEL),Y
04149    000A              ABS = $0A       ; $nnnn or LABEL
04150    000B              ABX = $0B       ; $nnnn,X or LABEL,X
04151    000C              ABY = $0C       ; $nnnn,Y or LABEL,Y
04152    000D              IND = $0D       ; ($nnnn) or (LABEL)
04153    000E              IAX = $0E       ; ($nnnn,X) or (LABEL,X)
04154  
04155    0042              NUMMN   =$42        ; number of mnemonics
04156  
04157  
04158  ;------------------------------------------------------------------------------------------     
04159  ; lookup table Assembler and Dissambler
04160  ; Tables
04161  ;------------------------------------------------------------------------------------------
04162  LMNETB      
04163          .BYTE $82   ; PHP
04164          .BYTE $1B   ; CLC
04165          .BYTE $83   ; PLP
04166          .BYTE $99   ; SEC
04167          .BYTE $82   ; PHA
04168          .BYTE $1B   ; CLI
04169          .BYTE $83   ; PLA
04170          .BYTE $99   ; SEI
04171          .BYTE $21   ; DEY
04172          .BYTE $A6   ; TYA
04173          .BYTE $A0   ; TAY
04174          .BYTE $1B   ; CLV
04175          .BYTE $4B   ; INY
04176          .BYTE $1B   ; CLD
04177          .BYTE $4B   ; INX
04178          .BYTE $99   ; SED
04179          .BYTE $14   ; BRK   
04180          .BYTE $4B   ; INA
04181          .BYTE $54   ; JSR
04182          .BYTE $21   ; DEA   
04183          .BYTE $95   ; RTI
04184          .BYTE $82   ; PHY
04185          .BYTE $95   ; RTS
04186          .BYTE $83   ; PLY
04187          .BYTE $A6   ; TXA
04188          .BYTE $A6   ; TXS
04189          .BYTE $A0   ; TAX
04190          .BYTE $A4   ; TSX
04191          .BYTE $21   ; DEX
04192          .BYTE $82   ; PHX
04193          .BYTE $73   ; NOP
04194          .BYTE $83   ; PLX
04195          .BYTE $A4   ; TSB
04196          .BYTE $A4   ; TRB
04197          .BYTE $12   ; BIT
04198          .BYTE $9D   ; STZ
04199          .BYTE $9D   ; STY
04200          .BYTE $61   ; LDY
04201          .BYTE $1C   ; CPY
04202          .BYTE $1C   ; CPX
04203          .BYTE $7C   ; ORA
04204          .BYTE $0B   ; AND
04205          .BYTE $2B   ; EOR
04206          .BYTE $9    ; ADC
04207          .BYTE $9D   ; STA
04208          .BYTE $61   ; LDA
04209          .BYTE $1B   ; CMP
04210          .BYTE $98   ; SBC
04211          .BYTE $0C   ; ASL
04212          .BYTE $93   ; ROL
04213          .BYTE $64   ; LSR
04214          .BYTE $93   ; ROR
04215          .BYTE $9D   ; STX
04216          .BYTE $61   ; LDX
04217          .BYTE $21   ; DEC
04218          .BYTE $4B   ; INC
04219          .BYTE $53   ; JMP
04220          .BYTE $14   ; BPL
04221          .BYTE $13   ; BMI
04222          .BYTE $15   ; BVC
04223          .BYTE $15   ; BVS
04224          .BYTE $10   ; BCC
04225          .BYTE $10   ; BCS
04226          .BYTE $13   ; BNE
04227          .BYTE $11   ; BEQ
04228          .BYTE $14   ; BRA
04229  RMNETB
04230          .BYTE $20   ; PHP
04231          .BYTE $06   ; CLC
04232          .BYTE $20   ; PLP
04233          .BYTE $46   ; SEC
04234          .BYTE $02   ; PHA
04235          .BYTE $12   ; CLI
04236          .BYTE $02   ; PLA
04237          .BYTE $52   ; SEI
04238          .BYTE $72   ; DEY
04239          .BYTE $42   ; TYA
04240          .BYTE $72   ; TAY
04241          .BYTE $2C   ; CLV
04242          .BYTE $B2   ; INY
04243          .BYTE $08   ; CLD
04244          .BYTE $B0   ; INX
04245          .BYTE $48   ; SED
04246          .BYTE $96   ; BRK   
04247          .BYTE $82   ; INA
04248          .BYTE $E4   ; JSR
04249          .BYTE $42   ; DEA   
04250          .BYTE $12   ; RTI
04251          .BYTE $32   ; PHY
04252          .BYTE $26   ; RTS
04253          .BYTE $32   ; PLY
04254          .BYTE $02   ; TXA
04255          .BYTE $26   ; TXS
04256          .BYTE $70   ; TAX
04257          .BYTE $F0   ; TSX
04258          .BYTE $70   ; DEX
04259          .BYTE $30   ; PHX
04260          .BYTE $E0   ; NOP
04261          .BYTE $30   ; PLX
04262          .BYTE $C4   ; TSB
04263          .BYTE $84   ; TRB
04264          .BYTE $68   ; BIT
04265          .BYTE $34   ; STZ
04266          .BYTE $32   ; STY
04267          .BYTE $32   ; LDY
04268          .BYTE $32   ; CPY
04269          .BYTE $30   ; CPX
04270          .BYTE $82   ; ORA
04271          .BYTE $88   ; AND
04272          .BYTE $E4   ; EOR
04273          .BYTE $06   ; ADC
04274          .BYTE $02   ; STA
04275          .BYTE $02   ; LDA
04276          .BYTE $60   ; CMP
04277          .BYTE $86   ; SBC
04278          .BYTE $D8   ; ASL
04279          .BYTE $D8   ; ROL
04280          .BYTE $E4   ; LSR
04281          .BYTE $E4   ; ROR
04282          .BYTE $30   ; STX
04283          .BYTE $30   ; LDX
04284          .BYTE $46   ; DEC
04285          .BYTE $86   ; INC
04286          .BYTE $60   ; JMP
04287          .BYTE $18   ; BPL
04288          .BYTE $52   ; BMI
04289          .BYTE $86   ; BVC
04290          .BYTE $A6   ; BVS
04291          .BYTE $C6   ; BCC
04292          .BYTE $E6   ; BCS
04293          .BYTE $8A   ; BNE
04294          .BYTE $62   ; BEQ
04295          .BYTE $82   ; BRA
04296  
04297  ;------------------------------------------------------------------------
04298  ; Minimum legal value for MNE for each mode.
04299  ;------------------------------------------------------------------------
04300  MIN         
04301      .BYTE $00, $30, $25, $39
04302      .BYTE $20, $28, $34
04303      .BYTE $28, $28, $28
04304      .BYTE $20, $28, $28
04305      .BYTE $38, $38
04306  
04307  ;------------------------------------------------------------------------
04308  ; Maximum +1 legal value of MNE for each mode. 
04309  ;------------------------------------------------------------------------
04310  MAX         
04311      .BYTE $1F+1, $33+1, $2F+1, $41+1
04312      .BYTE $37+1, $33+1, $35+1
04313      .BYTE $2F+1, $2F+1, $2F+1
04314      .BYTE $38+1, $33+1, $2F+1
04315      .BYTE $38+1, $38+1
04316  ;------------------------------------------------------------------------
04317  ; Base value for each opcode
04318  ;------------------------------------------------------------------------
04319  BASE            
04320      .BYTE $08, $18, $28, $38, $48, $58, $68, $78
04321      .BYTE $88, $98, $A8, $B8, $C8, $D8, $E8, $F8
04322      .BYTE $00, $1A, $14, $3A, $40, $5A, $60, $7A
04323      .BYTE $8A, $9A, $AA, $BA, $CA, $DA, $EA, $FA    
04324      .BYTE $00, $10, $20, $60, $80, $A0, $C0, $E0
04325      .BYTE $01, $21, $41, $61, $81, $A1, $C1, $E1
04326      .BYTE $02, $22, $42, $62, $82, $A2, $C2, $E2
04327      .BYTE $40, $10, $30, $50, $70, $90, $B0, $D0
04328      .BYTE $F0, $80
04329  
04330  ;------------------------------------------------------------------------
04331  ; Default offset values for each mode,
04332  ; added to BASE to get the opcode 
04333  ;------------------------------------------------------------------------
04334  OFFSET                          
04335      .BYTE $00, $08, $00, $00, $04, $14, $14
04336      .BYTE $11, $00, $10, $0C, $1C, $18, $2C
04337      .BYTE $3C
04338      
04339  ;------------------------------------------------------------------------
04340  ; offset adjustments for the mnemonic exceptions
04341  ;------------------------------------------------------------------------
04342    0004              ADJABY  =   $04
04343    0008              ADJIMM  =   $08
04344    0068              ADJBIT  =   $68
04345    00D0              ADJSTZ  =   $D0
04346  
04347  ;------------------------------------------------------------------------   
04348  ; disassembler data
04349  ; XXXXXXZ0 instrs
04350  ; * Z=0, right half-byte
04351  ; * Z=1, left half-byte
04352  ;------------------------------------------------------------------------
04353  MODE    .BYTE $0F, $22, $FF, $33, $CB
04354          .BYTE $62, $FF, $73, $03, $22
04355          .BYTE $FF, $33, $CB, $66, $FF
04356          .BYTE $77, $0F, $20, $FF, $33
04357          .BYTE $CB, $60, $FF, $70, $0F
04358          .BYTE $22, $FF, $39, $CB, $66
04359          .BYTE $FF, $7D, $0B, $22, $FF
04360          .BYTE $33, $CB, $A6, $FF, $73
04361          .BYTE $11, $22, $FF, $33, $CB
04362          .BYTE $A6, $FF, $87, $01, $22
04363          .BYTE $FF, $33, $CB, $60, $FF
04364          .BYTE $70, $01, $22, $FF, $33
04365          .BYTE $CB, $60, $FF, $70
04366  ; YYXXXZ01 instrs
04367          .BYTE $24, $31, $65, $78
04368      
04369  MODE2   .BYTE $00       ;ERR
04370          .BYTE $21       ;IMM        
04371          .BYTE $81       ;Z-PAG
04372          .BYTE $82       ;ABS
04373          .BYTE $59       ;(Z-PAG,X)
04374          .BYTE $4D       ;(Z-PAG),Y
04375          .BYTE $91       ;Z-PAG,X
04376          .BYTE $92       ;ABS,X
04377          .BYTE $86       ;ABS,Y
04378          .BYTE $4A       ;(ABS)
04379          .BYTE $85       ;Z-PAG,Y
04380          .BYTE $9D       ;REL
04381          .BYTE $49       ;(Z-PAG)
04382          .BYTE $5A       ;(ABS,X)
04383      
04384  ;------------------------------------------------------------------------   
04385  CHAR2       .BYTE 'Y', $00, 'X', '$', '$', $00
04386  CHAR1       .BYTE ',', ')', ',', '#', '(', '$'
04387      
04388  ;------------------------------------------------------------------------    
04389  ; Special case mnemonics
04390  ;------------------------------------------------------------------------    
04391    0008              SPCNT   = $08               ; duplicate some checks so I can use the same loop above
04392  
04393  ;------------------------------------------------------------------------
04394  ; Opcodes
04395  ;------------------------------------------------------------------------
04396  SPINC1      .BYTE $12, $22, $23, $24, $25, $35, $36, $37
04397  
04398  ;------------------------------------------------------------------------
04399  ; 1st address mode to check
04400  ;------------------------------------------------------------------------
04401  SPINC2      .BYTE $0A, $0B, $0B, $05, $0B, $0C, $0B, $0B
04402  
04403  ;------------------------------------------------------------------------
04404  ; 2nd address mode to check
04405  ;------------------------------------------------------------------------
04406  SPINC3      .BYTE $0A, $05, $05, $05, $05, $0C, $05, $05
04407  
04408  
04409  
04410      
04411  ;------------------------------------------------------------------------
04412  
04413  
04414   
04415  ;------------------------------------------------------------------------------------------         
04416  ;Interrupts Handling        
04417  ;------------------------------------------------------------------------------------------
04418  00F8AD  6C 00 01      NMI_VECTOR          JMP     (USMNI)             ;NMI hardware interrupt handler                             
04419                                                  ;loop through RAM               
04420  
04421  
04422  ;------------------------------------------------------------------------------------------
04423  NMI_RETURN                  ;Routines http://6502.org/tutorials/interrupts.html 
04424                      
04425  IRQ_RETURN          ;JSR    SAVE             
04426                      ;LDA    ASTAT               ;Read 6551 ACIA status register
04427                      ;AND    #$88                ;Isolate bits 7: Interrupt has occured and 3: receive data register full 
04428                      ;EOR    #$88                ;Invert state of both bits      
04429                      ;BNE    .BRKINSTR           ;IF bit 7 OR bit 3 = 1: no valid data in receive data register                         
04430                      ;LDX    INCNT               ; ELSE, Store keystroke in keystroke buffer address
04431                      ;STA    IN,X                ;  indexed by INCNT: keystroke buffer input counter
04432                      ;INC    INCNT               ;Increment keystroke buffer input counter
04433  .BRKINSTR           ;JSR    RESTORE         
04434  00F8B0  40                                RTI                         ;IRQ return address - used to store in RAM 
04435  
04436  
04437  ;------------------------------------------------------------------------------------------
04438  ;IRQ Routine
04439  ;------------------------------------------------------------------------------------------
04440  00F8B1  48            IRQ_VECTOR          PHA                         ;IRQ hardware interrupt
04441  00F8B2  DA                                PHX
04442  00F8B3  BA                                TSX
04443  00F8B4  BD 03 01                          LDA     $0103,x             ;check if caused by a 
04444  00F8B7  FA                                PLX                         ;done with X so restore it
04445  00F8B8  89 10                             BIT     #$10                ;BRK instruction            
04446  00F8BA  D0 04                             BNE     GOBRK               ;yes            
04447  00F8BC  68                                PLA                         ;no must have been an IRQ           
04448  00F8BD  6C FC 00                          JMP     (USIRQ)         
04449  00F8C0  68            GOBRK               PLA     
04450  00F8C1  6C FE 00                          JMP     (USBRK)
04451  
04452  
04453  ;------------------------------------------------------------------------------------------
04454  ; IRQ Routine return
04455  ;------------------------------------------------------------------------------------------
04456  00F8C4  28            BRK_RETURN          PLP
04457  00F8C5  20 2F FC                          JSR     SAVE                ;Save the Registers
04458  00F8C8  68                                PLA                         ; save the Program counter
04459  00F8C9  85 DF                             STA     SRCE
04460  00F8CB  68                                PLA
04461  00F8CC  85 E0                             STA     SRCE+1
04462  00F8CE  BA                                TSX         
04463  00F8CF  86 A9                             STX     SAVS                ;save registers
04464  00F8D1  20 91 F9      XBRK                JSR     TRACE_DIS           ;show registers     
04465  00F8D4  58                                CLI
04466  00F8D5  4C 03 E0                          JMP     WARM 
04467  
04468  
04469  ;------------------------------------------------------------------------------------------
04470  ; Tracing
04471  ;------------------------------------------------------------------------------------------
04472  ; =======================================================================
04473  ; COMMAND: TRACE (CMD_TRACE)
04474  ; -----------------------------------------------------------------------
04475  ; Single-steps through 65C02 code. Simulates stack operations (JSR/RTS) 
04476  ; and intercepts conditional branches by executing them in a safe RAM 
04477  ; space (XQT) to see if they are taken.
04478  ; =======================================================================
04479  00F8D8  68            CMD_TRACE           PLA                         ; Pull caller address off stack      
04480  00F8D9  68                                PLA                         
04481  00F8DA  20 49 E9                          JSR     GET_EXPRES          ; Get start address
04482  00F8DD  D0 07                             BNE     .CONT
04483  00F8DF  84 DF                             STY     SRCE                ; Store low byte
04484  00F8E1  85 E0                             STA     SRCE+1              ; Store high byte
04485  00F8E3  20 61 FB                          JSR     CLS                 ; Clear the screen                   
04486  
04487  00F8E6  20 91 F9      .CONT               JSR     TRACE_DIS           ; Display one line of disassembled code
04488                      
04489                      				; --- INITIALIZE EXECUTION AREA ---
04490  00F8E9  A2 08                             LDX     #$08
04491  00F8EB  BD 88 F9      XQINIT              LDA     INITBL-1,X          ; Init XEQ AREA
04492  00F8EE  95 99                             STA     XQT,X           
04493  00F8F0  CA                                DEX
04494  00F8F1  D0 F8                             BNE     XQINIT              
04495                      
04496                      				; --- IDENTIFY INSTRUCTION ---
04497  00F8F3  B2 DF                             LDA     (SRCE)              ; OPTIMIZATION: 65C02 native LDA (zp)
04498  00F8F5  F0 DA                             BEQ     XBRK                ; $00 = BRK (Jumps to your existing global XBRK handler)
04499                      
04500  00F8F7  A4 DD                             LDY     LENG                ; <--- RESTORED: Length from Disassembler!
04501                      
04502  00F8F9  C9 80                             CMP     #$80                ; $80 = BRA (Branch Always)
04503  00F8FB  F0 2A                             BEQ     XBRA                ; Handle unconditional branch directly
04504                      
04505  00F8FD  C9 20         .BRNCH              CMP     #$20                ; JSR
04506  00F8FF  F0 43                             BEQ     XJSR                
04507  00F901  C9 60                             CMP     #$60                ; RTS
04508  00F903  F0 31                             BEQ     XRTS
04509  00F905  C9 4C                             CMP     #$4C                ; JMP (Absolute)
04510  00F907  F0 43                             BEQ     XJMP
04511  00F909  C9 6C                             CMP     #$6C                ; JMP (Indirect)
04512  00F90B  F0 4D                             BEQ     XJMPAT
04513  00F90D  C9 40                             CMP     #$40                ; RTI
04514  00F90F  F0 19                             BEQ     XRTI
04515                      
04516                      				; --- CONDITIONAL BRANCH INTERCEPT ---
04517  00F911  29 1F                             AND     #$1F                
04518  00F913  49 14                             EOR     #$14                ; Forces A to equal $04!
04519  00F915  C9 04                             CMP     #$04                ; Is it a conditional branch?
04520  00F917  F0 02                             BEQ     .XQ2                ; Yes! Jump to .XQ2 to overwrite offset with $04.
04521                      
04522  00F919  B1 DF         .XQ1                LDA     (SRCE),Y            ; Copy normal instruction bytes into XEQ area
04523  00F91B  99 99 00      .XQ2                STA     XQT,Y               ; If branch, overwrites offset with $04 to perfectly target XQT+6!
04524  00F91E  88                                DEY                         
04525  00F91F  10 F8                             BPL     .XQ1                
04526                      
04527  00F921  20 24 FC                          JSR     RESTORE             ; Restore user registers 
04528  00F924  4C 99 00                          JMP     XQT                 ; EXECUTE user code in RAM!
04529  
04530  						; --- FLOW CONTROL SIMULATORS ---
04531  
04532  00F927  4C 74 F9      XBRA                JMP     BRANCH              ; BRA is unconditional. Jump straight to existing relative math!
04533  
04534  00F92A  68            XRTI                PLA                         ; Simulate RTI: Pull Flags
04535  00F92B  85 A8                             STA     SAVP                
04536  00F92D  68                                PLA                         ; Pull PC Low
04537  00F92E  85 DF                             STA     SRCE
04538  00F930  68                                PLA                         ; Pull PC High
04539  00F931  85 E0                             STA     SRCE+1
04540  00F933  4C 71 F9                          JMP     RTS_TRACE           ; BUG FIX: Do NOT add 1! RTI returns to exact address.
04541  
04542  00F936  68            XRTS                PLA                         ; Simulate RTS
04543  00F937  85 DF                             STA     SRCE                ; Pull PC Low from stack
04544  00F939  68                                PLA                         
04545  00F93A  85 E0                             STA     SRCE+1              ; Pull PC High from stack
04546  00F93C  20 1D E4      PCINC3              JSR     PCADJ2              ; Add 1 to the pulled address (RTS specific)
04547  00F93F  84 E0                             STY     SRCE+1
04548  00F941  18                                CLC
04549  00F942  80 11                             BRA     NEWPCL              ; Update PC and exit
04550  
04551  00F944  18            XJSR                CLC                         
04552  00F945  20 1D E4                          JSR     PCADJ2              ; Calculate Return Address (Current PC + 2)
04553  00F948  5A                                PHY                         ; Push Return Address High
04554  00F949  48                                PHA                         ; Push Return Address Low
04555  00F94A  A0 02                             LDY     #$02
04556  00F94C  18            XJMP                CLC
04557  00F94D  B1 DF                             LDA     (SRCE),Y            ; Get Absolute Target High
04558  00F94F  AA                                TAX                         
04559  00F950  88                                DEY                         
04560  00F951  B1 DF                             LDA     (SRCE),Y            ; Get Absolute Target Low
04561  00F953  86 E0                             STX     SRCE+1              ; Update PC
04562  00F955  85 DF         NEWPCL              STA     SRCE
04563  00F957  4C 71 F9                          JMP     RTS_TRACE
04564  
04565  00F95A  A0 02         XJMPAT              LDY     #$02                ; Simulate JMP (Indirect)
04566  00F95C  B1 DF                             LDA     (SRCE),Y
04567  00F95E  AA                                TAX
04568  00F95F  88                                DEY
04569  00F960  B1 DF                             LDA     (SRCE),Y            ; A = Vector Low, X = Vector High
04570  00F962  85 E7                             STA     TEMP1               ; Store Vector in Zero Page
04571  00F964  86 E8                             STX     TEMP1+1
04572  00F966  B2 E7                             LDA     (TEMP1)             ; BUG FIX: Read actual destination LOW from the Vector
04573  00F968  AA                                TAX
04574  00F969  A0 01                             LDY     #$01
04575  00F96B  B1 E7                             LDA     (TEMP1),Y           ; Read actual destination HIGH from the Vector
04576  00F96D  86 DF                             STX     SRCE                ; Update PC Low
04577  00F96F  85 E0                             STA     SRCE+1              ; Update PC High
04578  
04579  00F971  4C 14 E0      RTS_TRACE           JMP     GETLINE             ; Return to OS Prompt
04580  
04581  
04582  ;------------------------------------------------------------------------
04583  ; TRACE - Branch taken calculation
04584  ;------------------------------------------------------------------------
04585  00F974  38            BRANCH              SEC                         ;branch Taken
04586  00F975  A0 01                             LDY     #$01                ;  Then add len + 2
04587  00F977  B1 DF                             LDA     (SRCE),Y
04588  00F979  20 1F E4                          JSR     PCADJ3              ;calculate address
04589  00F97C  1A                                INA                         ;Inc A
04590  00F97D  85 DF                             STA     SRCE
04591  00F97F  84 E0                             STY     SRCE+1      
04592  00F981  80 EE                             BRA     RTS_TRACE           ;save a byte
04593  
04594  
04595  ;------------------------------------------------------------------------
04596  ; TRACE - Normal return from Trace command
04597  ;------------------------------------------------------------------------
04598              
04599  00F983  20 2F FC      NBRNCH              JSR     SAVE                ;Normal Return after
04600  00F986  38                                SEC                         ;  XEQ used for
04601  00F987  80 B3                             BRA     PCINC3              ;Goto PC update
04602  
04603  
04604  ;------------------------------------------------------------------------
04605  ; TRACE - Initial Build for Tracing
04606  ;------------------------------------------------------------------------
04607  00F989  EA            INITBL              NOP                         ;Dummy fill for Tracing
04608  00F98A  EA                                NOP                         ;XEQ area
04609  00F98B  4C 83 F9                          JMP     NBRNCH              ;Normal return
04610  00F98E  4C 74 F9                          JMP     BRANCH                      
04611  
04612  
04613  ;------------------------------------------------------------------------------------------
04614  ; TRACE - show registers and dissamble OPCODE and display
04615  ;------------------------------------------------------------------------------------------
04616  00F991  20 9D F9      TRACE_DIS           JSR     CMD_SHOWREG         ;show registers 
04617  00F994  20 07 E5                          JSR     DISPLAY_ADDR        ;display SOURCE address (could remove A&Y)                                                              
04618  00F997  B2 DF                             LDA     (SRCE)              ;Get OpCode
04619  00F999  20 A7 E2                          JSR     INSTDSP                 
04620                      ;JSR    CMD_SHOWREG         ;show registers 
04621  00F99C  60                                RTS
04622  
04623  
04624  ;------------------------------------------------------------------------------------------  
04625  ; Show the registers
04626  ;------------------------------------------------------------------------------------------  
04627  00F99D  D8            CMD_SHOWREG         CLD                         ;debugging
04628  
04629              .IF MYWYM
04630  00F99E  20 73 FB                          JSR SAVECUR 
04631              .ELSE
04632              
04633  00F9A1  20 69 FB                          JSR     HOME
04634  00F9A4  20 ED FA                          JSR     STRING          
04635                      
04636              .ASCII " PC  SR AC XR YR SP  NV-B.DIZC  W1=",EOS
04637  
04638  00F9CB  A5 AE                             LDA     WHATCH+1            ;W1=this attress
04639  00F9CD  A4 AD                             LDY     WHATCH                  
04640  00F9CF  20 D7 FB                          JSR     WRWORD          
04641                      
04642  00F9D2  20 ED FA                          JSR     STRING
04643              .ASCII " W2=",EOS           
04644  00F9DA  A5 B0                             LDA     WHATCH+3            ;W2=this attress
04645  00F9DC  A4 AF                             LDY     WHATCH+2                    
04646  00F9DE  20 D7 FB                          JSR     WRWORD          
04647                      
04648  00F9E1  20 ED FA                          JSR     STRING
04649              .ASCII " W3=",EOS           
04650  00F9E9  A5 B2                             LDA     WHATCH+5            ;W3=this attress
04651  00F9EB  A4 B1                             LDY     WHATCH+4                    
04652  00F9ED  20 D7 FB                          JSR     WRWORD          
04653  00F9F0  20 91 FB                          JSR     WRCRLF  
04654                                      
04655  00F9F3  A5 E0                             LDA     SRCE+1              ;PC
04656  00F9F5  20 C1 FB                          JSR     WR2HEX          
04657  00F9F8  A5 DF                             LDA     SRCE
04658  00F9FA  20 C1 FB                          JSR     WR2HEX
04659  00F9FD  20 8D FB                          JSR     WRSPACE                 
04660  00FA00  A5 A8                             LDA     SAVP                ;
04661  00FA02  20 C1 FB                          JSR     WR2HEX          
04662  00FA05  20 8D FB                          JSR     WRSPACE
04663  00FA08  A5 AC                             LDA     SAVA                ;Accumulator
04664  00FA0A  20 C1 FB                          JSR     WR2HEX                              
04665  00FA0D  20 8D FB                          JSR     WRSPACE     
04666  00FA10  A5 AB                             LDA     SAVX                ;X Reg
04667  00FA12  20 C1 FB                          JSR     WR2HEX          
04668  00FA15  20 8D FB                          JSR     WRSPACE
04669  00FA18  A5 AA                             LDA     SAVY                ;Y Reg
04670  00FA1A  20 C1 FB                          JSR     WR2HEX              ;
04671  00FA1D  20 8D FB                          JSR     WRSPACE
04672  00FA20  A5 A9                             LDA     SAVS                ;Stack Pointer
04673  00FA22  20 C1 FB                          JSR     WR2HEX          
04674  00FA25  20 8D FB                          JSR     WRSPACE
04675  00FA28  20 8D FB                          JSR     WRSPACE             
04676  00FA2B  A5 A8                             LDA     SAVP                
04677  00FA2D  20 A5 EE                          JSR     WRBIN               ;Flags
04678  00FA30  20 8D FB                          JSR     WRSPACE 
04679              
04680  00FA33  A0 00                             LDY     #00
04681  00FA35  20 8D FB      .next_whatch        JSR     WRSPACE
04682  00FA38  98                                TYA
04683  00FA39  AA                                TAX
04684  00FA3A  E8                                INX                         ;jump 16bits
04685  00FA3B  A1 AD                             LDA     (WHATCH,X)
04686  00FA3D  20 C1 FB                          JSR     WR2HEX                  
04687  00FA40  20 A7 FB                          JSR     WRBLNK
04688  00FA43  C8                                INY
04689  00FA44  C0 03                             CPY     #03
04690  00FA46  D0 ED                             BNE     .next_whatch                                
04691  00FA48  20 AD FB                          JSR     DRAWLINECR
04692                                  
04693                  
04694              .IF     MYWYM        
04695  00FA4B  20 7A FB                          JSR     RESTCUR             
04696              .ELSE           
04697  00FA4E  60                                RTS                         ;Start of code  
04698  
04699  
04700  ;------------------------------------------------------------------------------------------
04701  ; Reset vector - can be redirect via software if byte A5 is found at USRRST
04702  ;------------------------------------------------------------------------------------------
04703  00FA4F  78            RESET_VECTOR        SEI                         ;Hardware reset routine
04704  00FA50  AD 02 01                          LDA     USRRST              ;Check what vector to use
04705  00FA53  49 A5                             EOR     #$A5                ; user vector or hardware
04706  00FA55  CD 04 01                          CMP     USRRST+2
04707  00FA58  D0 03                             BNE     COLD_BOOT 
04708  00FA5A  6C 02 01                          JMP     (USRRST)            ;User Rest Vector
04709          
04710                  
04711  00FA5D  A9 6C         COLD_BOOT           LDA     #<RESET_RETURN      ;User user vector stored
04712  00FA5F  8D 02 01                          STA     USRRST
04713  00FA62  49 A5                             EOR     #$A5    
04714  00FA64  8D 04 01                          STA     USRRST+2
04715  00FA67  A9 FA                             LDA     #>RESET_RETURN  
04716  00FA69  8D 03 01                          STA     USRRST+1
04717              
04718  
04719  RESET_RETURN        
04720              .IF MYWYM   
04721  00FA6C  A9 7F                             LDA     #%01111111          ;6551 IRQ's Off     
04722  00FA6E  8D 0E A0                          STA     IER             
04723  00FA71  8D 0D A0                          STA     IFR             
04724  00FA74  A9 0F                             LDA     #%00001111          ;inputs and outputs
04725  00FA76  8D 02 A0                          STA     DIRB
04726  00FA79  A9 0F                             LDA     #%00001111          ;show user that 6502 reseted                
04727  00FA7B  8D 00 A0                          STA     REGB                ;Output LEDS light ON
04728              .ENDIF
04729      
04730  00FA7E  A2 FF                             LDX     #$ff                ;normal boot up procedure
04731  00FA80  9A                                TXS
04732  
04733  ;           SED
04734  ;           SEC
04735  ;           LDA     #$20
04736  ;           SBC     #$0F
04737  ;           CMP #$0B
04738  ;           BNE DET6502
04739  ;           JSR STRING
04740  ;       .ASCIS  "detected a 65C02 CPU"
04741  ;DET6502            NOP     
04742  
04743  00FA81  D8                                CLD
04744                  
04745  	      .IF MYWYM               
04746                      ; --- REAL HARDWARE 6551 INITIALIZATION ---
04747  00FA82  9C 0B A0                          STZ     ACR                 ; ACIA Init (Soft reset)
04748  00FA85  9C 0C A0                          STZ     PCR                 ; pcr   
04749  00FA88  A9 CB                             LDA     #%11001011          ; IRQ=off, DTR=LOW        
04750                      ;LDA    #%00001001          ; IRQ=on
04751  00FA8A  8D 02 AF                          STA     ACMND               
04752                      ;LDA     #%00011111          ; 19,200 b/s N81 bits/Baud
04753  00FA8D  A9 10                             LDA     #%00010000          ; 1 stop, 8 bits, 57600 baud (0 in low nibble)
04754  00FA8F  8D 03 AF                          STA     ACTRL                                      
04755  00FA92  9C 00 A0                          STZ     REGB                ; clear lights aka flash
04756  00FA95  AD 00 AF                          LDA     ADATA               ; Clear ACIA RX buffer         
04757              .ENDIF            
04758               
04759  00FA98  A2 0E                             LDX     #INITDATA_END-INITDATA  ;FAST Initialise ZP 
04760  00FA9A  BD A6 FA      .INITZP             LDA     INITDATA,X
04761  00FA9D  95 F2                             STA     USR_OBJHI,X 
04762  00FA9F  CA                                DEX
04763  00FAA0  10 F8                             BPL     .INITZP                         
04764  00FAA2  58                                CLI     ;restore Interrupts
04765  00FAA3  4C 00 E0                          JMP     COLD        
04766  
04767  
04768  ;------------------------------------------------------------------------------------------
04769  ;Zero page init
04770  ;------------------------------------------------------------------------------------------
04771  INITDATA        .WORD   $9000                       ;USR_OBJHI User's safe object end       
04772                  .BYTE   $00                         ;Lomem address   | Don't
04773                  .BYTE   DEF_LOMEM                   ;LOMEM defined page
04774                  .BYTE   $00                         ;Himem address |  change order          
04775                  .BYTE   DEF_LOMEM                   ;HIMEM defined page
04776                  .WORD   XEC_RTS                     ;XEC_LAST Last Xec address              
04777                  .WORD   USERKEYDEF_RETURN           ;USERKEYDEF User defined @keys 
04778                  .WORD   IRQ_RETURN                  ;User IRQ vector
04779                  .WORD   BRK_RETURN                  ;User BRK vector    
04780  INITDATA_END    .WORD   NMI_RETURN                  ;User NMI vector    
04781                  ;.WORD  RESET_RETURN                ;User RESET vector
04782  
04783  
04784  ;------------------------------------------------------------------------------------------
04785  ;GENRAL LIBRARY ROUTINES BELOW
04786  
04787  
04788                  .INCLUDE    "Primatives.65s"
04789  ; LIBRARY FILE - PRIMATIVES 
04790  ; version 2.25
04791  ; two pass symbolic assembler, dissembler and tracer
04792  ; REGB bits 0-3 are connected to LED's
04793  ; tested in Michael Kowalski 6502 Simulator - using 65C02 Code 
04794  ; Programmed by Joe DiMeglio
04795  ; https://github.com/jdimeglio/6502-Monitor
04796  ; bug fixes
04797          
04798              
04799  ;------------------------------------------------------------------------
04800  ;prints a string ending with EOS - checkign for packed strings
04801  ;looks for the string after teh JSR statement
04802  ;------------------------------------------------------------------------           
04803  00FAB6  08            STRING2             PHP
04804  00FAB7  48                                PHA
04805  00FAB8  DA                                PHX
04806  00FAB9  5A                                PHY
04807  00FABA  BA                                TSX
04808  00FABB  BD 05 01                          LDA     $0105,x             ; Stack is shallower (no SRCE pushes)
04809  00FABE  85 E3                             STA     STR_PTR
04810  00FAC0  BD 06 01                          LDA     $0106,x
04811  00FAC3  85 E4                             STA     STR_PTR+1
04812                      
04813  00FAC5  E6 E3         .NEXTCHAR           INC     STR_PTR
04814  00FAC7  D0 02                             BNE     .SKIPBUMP
04815  00FAC9  E6 E4                             INC     STR_PTR+1
04816                      
04817  00FACB  A0 01         .SKIPBUMP           LDY     #$01
04818  00FACD  B2 E3                             LDA     (STR_PTR)
04819  00FACF  F0 0D                             BEQ     .ADJUST_RETURN      ; EOS Marker ($00)
04820  00FAD1  10 03                             BPL     .NOTPACK            ; Normal character
04821  00FAD3  20 CD F0                          JSR     UNPACK_DECODE       ; RLE token: returns char in A, count in Y
04822                      
04823  00FAD6  20 98 FB      .NOTPACK            JSR     WRCHAR              ; Write character (A is preserved)
04824  00FAD9  88                                DEY
04825  00FADA  D0 FA                             BNE     .NOTPACK
04826  00FADC  80 E7                             BRA     .NEXTCHAR
04827                      
04828  00FADE  A5 E3         .ADJUST_RETURN      LDA     STR_PTR
04829  00FAE0  9D 05 01                          STA     $0105,x             ; Overwrite return address
04830  00FAE3  A5 E4                             LDA     STR_PTR+1
04831  00FAE5  9D 06 01                          STA     $0106,x
04832                      
04833  00FAE8  7A                                PLY
04834  00FAE9  FA                                PLX
04835  00FAEA  68                                PLA
04836  00FAEB  28                                PLP
04837  00FAEC  60                                RTS                
04838  ;--------------------------------------------------------------------
04839  ; Prints inline string, $00 = End of String, High-Bit = RLE Token
04840  ; Requires: STR_PTR (2 bytes in Zero Page)
04841  ;--------------------------------------------------------------------
04842  00FAED  08            STRING          PHP
04843  00FAEE  48                            PHA
04844  00FAEF  DA                            PHX                     ; X is safely preserved for caller
04845  00FAF0  5A                            PHY
04846  
04847  00FAF1  BA                            TSX                     ; X now holds the stack index!
04848  00FAF2  BD 05 01                      LDA     $0105,x         ; Fetch Return Address Low
04849  00FAF5  85 E3                         STA     STR_PTR
04850  00FAF7  BD 06 01                      LDA     $0106,x         ; Fetch Return Address High
04851  00FAFA  85 E4                         STA     STR_PTR+1
04852  
04853  00FAFC  A0 01                         LDY     #$01
04854  00FAFE  B1 E3         .NEXTCHAR       LDA     (STR_PTR),Y
04855  00FB00  F0 19                         BEQ     .ADJUST_RETURN  ; If $00, end of string
04856  00FB02  30 0A                         BMI     .IS_PACKED      ; If high bit is 1, unpack
04857                  
04858                  ; --- NORMAL CHARACTER ---
04859  00FB04  20 98 FB                      JSR     WRCHAR   
04860                  
04861  00FB07  C8            .ADVANCE_INDEX  INY
04862  00FB08  D0 F4                         BNE     .NEXTCHAR       
04863  00FB0A  E6 E4                         INC     STR_PTR+1       
04864  00FB0C  80 F0                         BRA     .NEXTCHAR               
04865                                        
04866                   ; --- PACKED DATA ---
04867  00FB0E  5A            .IS_PACKED      PHY                     ; Protect string index from UNPACK_DECODE
04868  00FB0F  20 CD F0                      JSR     UNPACK_DECODE   ; Returns char in A, count in Y
04869  00FB12  20 98 FB      .UNPACK_LOOP    JSR     WRCHAR          ; Print it (A is preserved by WRCHAR)
04870  00FB15  88                            DEY                     
04871  00FB16  D0 FA                         BNE     .UNPACK_LOOP    
04872  00FB18  7A                            PLY                     ; Restore string index
04873  
04874                  ; --- MOVE TO NEXT BYTE ---
04875  00FB19  80 EC               		BRA     .ADVANCE_INDEX 
04876  
04877                  ; --- FINISH AND RETURN ---
04878  00FB1B  98            .ADJUST_RETURN  TYA
04879  00FB1C  18                            CLC
04880  00FB1D  65 E3                         ADC     STR_PTR         
04881  00FB1F  9D 05 01                      STA     $0105,x         ; X still perfectly holds stack index!
04882  00FB22  A5 E4                         LDA     STR_PTR+1       
04883  00FB24  69 00                         ADC     #$00
04884  00FB26  9D 06 01                      STA     $0106,x         
04885  
04886  00FB29  7A                            PLY
04887  00FB2A  FA                            PLX                     ; X is restored for caller
04888  00FB2B  68                            PLA
04889  00FB2C  28                            PLP
04890  00FB2D  60                            RTS
04891  
04892  ;------------------------------------------------------------------------
04893  ; ANSI GOTO x & y 
04894  ;------------------------------------------------------------------------
04895  GOTOXY              
04896          .IF MYWYM
04897  00FB2E  48                                PHA                         ;goto [ <X> ; <Y> H
04898  00FB2F  A9 1B                             LDA     #ESC                ;Escape codes   
04899  00FB31  20 98 FB                          JSR     WRCHAR              
04900  00FB34  A9 5B                             LDA     #'['                
04901  00FB36  20 98 FB                          JSR     WRCHAR              
04902  00FB39  98                                TYA             
04903  00FB3A  20 11 EA                          JSR     WRDECI              ;write in decimal               
04904  00FB3D  A9 3B                             LDA     #';'                
04905  00FB3F  20 98 FB                          JSR     WRCHAR              
04906  00FB42  8A                                TXA             
04907  00FB43  20 11 EA                          JSR     WRDECI              
04908  00FB46  A9 48                             LDA     #'H'                
04909  00FB48  20 98 FB                          JSR     WRCHAR              
04910  00FB4B  68                                PLA                 
04911  00FB4C  60                                RTS    
04912              .ELSE
04913   
04914   ;------------------------------------------------------------------------
04915  ; ANSI - CSI n x See https://en.wikipedia.org/wiki/ANSI_escape_code
04916  ;  low level
04917  ;------------------------------------------------------------------------
04918  00FB4D  48            WRCSI               PHA                             ;save value
04919  00FB4E  A9 1B                             LDA     #ESC                
04920  00FB50  20 98 FB                          JSR     WRCHAR              
04921  00FB53  A9 5B                             LDA     #'['                
04922  00FB55  20 98 FB                          JSR     WRCHAR              
04923  00FB58  8A                                TXA             
04924  00FB59  20 98 FB                          JSR     WRCHAR                  ;write in decimal 
04925  00FB5C  68                                PLA             
04926  00FB5D  20 98 FB                          JSR     WRCHAR                  ;write ANSI Mode                                    
04927  00FB60  60                                RTS    
04928                      
04929  ;------------------------------------------------------------------------
04930  ; ANSI - Clear Screen; ;.BYTE   ESC,"[2J",EOS                       
04931  ;  low level
04932  ;------------------------------------------------------------------------
04933  CLS             
04934              .IF MYWYM
04935  00FB61  A2 32                             LDX     #'2'
04936  00FB63  A9 4A                             LDA     #'J'                ;Clrscrn escape code
04937  00FB65  20 4D FB                          JSR     WRCSI               ;               
04938  00FB68  60                                RTS         
04939              .ELSE           
04940              
04941  ;------------------------------------------------------------------------
04942  ; ANSI -  Bring Cursor Home 
04943  ;------------------------------------------------------------------------
04944  HOME  
04945              .IF MYWYM
04946  00FB69  20 ED FA                          JSR     STRING              
04947                      .ASCII  ESC
04948                      .ASCIS  "[1;1H"
04949  00FB72  60                                RTS                     
04950              .ELSE
04951  ;------------------------------------------------------------------------
04952  ; ANSI -  Save Cursor Position
04953  ;------------------------------------------------------------------------
04954  00FB73  20 ED FA      SAVECUR             JSR     STRING 
04955                  .ASCII  ESC
04956                  .ASCIS  "[s"                                            
04957  00FB79  60                                RTS                     
04958  
04959  ;------------------------------------------------------------------------
04960  ; ANSI -  Restore Cursor Position 
04961  ;------------------------------------------------------------------------
04962  00FB7A  20 ED FA      RESTCUR             JSR     STRING          
04963                  .ASCIS  ESC,"[u"                                            
04964  00FB80  60                                RTS                     
04965                                      
04966  ;------------------------------------------------------------------------
04967  ; Print a dot
04968  ;------------------------------------------------------------------------
04969  00FB81  A9 2E         WRDOT               LDA     #'.'                ;Print a dot
04970  00FB83  80 13                             BRA     WRCHAR
04971  
04972  ;------------------------------------------------------------------------
04973  ; Check Tabs
04974  ;------------------------------------------------------------------------
04975  TABS3
04976          .IF MYWYM
04977  00FB85  A9 43                             LDA     #'C'
04978  00FB87  A2 14                             LDX     #20
04979  00FB89  20 4D FB                          JSR     WRCSI
04980              
04981          .ELSE
04982  00FB8C  60                                RTS 
04983                          
04984  ;------------------------------------------------------------------------
04985  ; Print a space
04986  ;------------------------------------------------------------------------
04987  00FB8D  A9 20         WRSPACE             LDA     #SP                 ;Print a space
04988  00FB8F  80 07                             BRA     WRCHAR               
04989                             
04990  ;------------------------------------------------------------------------
04991  ; Print a CR
04992  ;------------------------------------------------------------------------
04993  
04994  00FB91  A9 0D         WRCRLF              LDA     #CR                 ;Print a CR & LF        
04995  00FB93  20 98 FB                          JSR     WRCHAR
04996  00FB96  A9 0A         WRLF                LDA     #LF                 ;fall through to WRCHAR
04997  
04998  ;------------------------------------------------------------------------
04999  ;WRCHAR Out charater to the screen
05000  ;  Low level
05001  ;------------------------------------------------------------------------
05002  WRCHAR
05003          .IF LCD_ROUTINES
05004  
05005          .IF MYWYM
05006  00FB98  08                                PHP                         ;save flags         
05007  00FB99  48                                PHA             
05008  .WAITTX             
05009              .IF PROTEUS
05010  00FB9A  AD 00 AF                          LDA     ACIA                ; 6850 Status Reg
05011  00FB9D  29 02                             AND     #$02                ; 6850 TX Empty is Bit 1
05012  00FB9F  F0 F9                             BEQ     .WAITTX
05013  00FBA1  68                                PLA
05014  00FBA2  8D 01 AF                          STA     ACIA+1              ; 6850 Data Reg
05015              .ELSE
05016  00FBA5  28                                PLP             
05017  00FBA6  60                                RTS
05018          .ELSE
05019  
05020  ;------------------------------------------------------------------------
05021  ;Print Blank Lines & print N Blank lines 
05022  ; x= times
05023  ;------------------------------------------------------------------------
05024  00FBA7  A2 03         WRBLNK              LDX     #$03                ;Blank count x3
05025  00FBA9  A9 20         WRBL2               LDA     #SP
05026  00FBAB  80 0D                             BRA     REPWRCHAR           ;repeat WR
05027  
05028  
05029  ;------------------------------------------------------------------------
05030  ;REPWRCHAR Out charater to the screen
05031  ; A= Char  x= times
05032  ;------------------------------------------------------------------------
05033  00FBAD  20 91 FB      DRAWLINECR          JSR     WRCRLF
05034  00FBB0  A9 2D         DRAWLINE            LDA     #DASH
05035  00FBB2  A2 4E                             LDX     #78                 ;columns on the screen 80-2
05036  00FBB4  20 BA FB                          JSR     REPWRCHAR 
05037  00FBB7  4C 91 FB                          JMP     WRCRLF
05038                      
05039  00FBBA  20 98 FB      REPWRCHAR           JSR     WRCHAR
05040  00FBBD  CA                                DEX
05041  00FBBE  D0 FA                             BNE     REPWRCHAR
05042  00FBC0  60                                RTS
05043  
05044  ;------------------------------------------------------------------------
05045  ;convert binary into a ASCII characters 
05046  ;write to screen eg xx
05047  ;------------------------------------------------------------------------
05048  00FBC1  48            WR2HEX              PHA         
05049  00FBC2  4A                                LSR                         ;write 2 hex digits         
05050  00FBC3  4A                                LSR         
05051  00FBC4  4A                                LSR         
05052  00FBC5  4A                                LSR         
05053  00FBC6  20 CA FB                          JSR     WR1HEX          
05054  00FBC9  68                                PLA         
05055  00FBCA  D8            WR1HEX              CLD                         ;write 1 character HEX eg x 
05056  00FBCB  29 0F                             AND     #$0f            
05057  00FBCD  C9 0A                             CMP     #$0a            
05058  00FBCF  90 02                             BCC     .z09                        
05059  00FBD1  69 06                             ADC     #$06                ;carry is set           
05060  00FBD3  69 30         .z09                ADC     #$30
05061  00FBD5  80 C1                             BRA     WRCHAR     
05062              
05063  ;------------------------------------------------------------------------
05064  ; Print word in hex
05065  ; A holds MSB, Y holds LSB, eg $xxxx
05066  ;------------------------------------------------------------------------
05067  00FBD7  48            WRWORD              PHA                         ;Save MSB
05068  00FBD8  A9 24                             LDA     #'$'                ;Print dollar symbol
05069  00FBDA  20 98 FB                          JSR     WRCHAR
05070  00FBDD  68                                PLA
05071  00FBDE  20 C1 FB      WRWORDAY            JSR     WR2HEX              ;Print MSB
05072  00FBE1  98                                TYA
05073  00FBE2  80 DD                             BRA     WR2HEX              ;Print LSB
05074  
05075  ;------------------------------------------------------------------------
05076  ; SCAN_ESC if key is pressed
05077  ;  Low level
05078  ;------------------------------------------------------------------------
05079  SCAN_ESC    
05080              .IF MYWYM       
05081              .IF PROTEUS
05082  00FBE4  AD 00 AF                          LDA     ACIA                ; 6850 Status Reg
05083  00FBE7  29 01                             AND     #$01                ; 6850 RX Full is Bit 0
05084  00FBE9  F0 03                             BEQ     .NOTHING
05085  00FBEB  20 F8 FB                          JSR     READACIA
05086              .ELSE
05087  00FBEE  C9 1B         .NOTHING            CMP     #ESC
05088  00FBF0  60                                RTS     
05089          
05090              .ELSE
05091  
05092  ;------------------------------------------------------------------------
05093  ; Wait for keypressed
05094  ;  Low level
05095  ;------------------------------------------------------------------------
05096  RDCHAR
05097          .IF MYWYM 
05098  .WAITRX             
05099              .IF PROTEUS
05100  00FBF1  AD 00 AF                          LDA     ACIA                ; 6850 Status Reg
05101  00FBF4  29 01                             AND     #$01                ; 6850 RX Full is Bit 0
05102  00FBF6  F0 F9                             BEQ     .WAITRX
05103  00FBF8  AD 01 AF      READACIA            LDA     ACIA+1              ; 6850 Data Reg (Auto-clears status!)
05104  00FBFB  60                                RTS
05105              .ELSE
05106          .ELSE   
05107  
05108  ;------------------------------------------------------------------------
05109  ;Read 1 character and convert it to HEX 
05110  ;------------------------------------------------------------------------
05111  00FBFC  20 F1 FB      RD1HEX              JSR     RDCHAR
05112  00FBFF  80 0F                             BRA     HEX2BIN             
05113  
05114  ;------------------------------------------------------------------------
05115  ;Read 2 HEX character and convert it to BIN 
05116  ;------------------------------------------------------------------------
05117  00FC01  20 FC FB      RD2HEX              JSR     RD1HEX          
05118  00FC04  0A                                ASL         
05119  00FC05  0A                                ASL         
05120  00FC06  0A                                ASL         
05121  00FC07  0A                                ASL                     
05122  00FC08  85 E7                             STA     TEMP1               
05123  00FC0A  20 FC FB                          JSR     RD1HEX                      
05124  00FC0D  05 E7                             ORA     TEMP1                                   
05125  00FC0F  60                                RTS         
05126  
05127  
05128  ;------------------------------------------------------------------------
05129  ;Convert AC in HEX out BIN
05130  ;------------------------------------------------------------------------
05131  ;HEX2BIN             EOR     #'0'                ;Ignore ASCII part for decimals             
05132  ;                    CMP     #9+1    
05133  ;                    BCC     .okhex              ;It was a decimal digit!
05134  ;                    ADC     #$88                ;Map letters A - F to $FA-FF
05135  ;                    CMP     #$fa
05136  ;                    BCC     .invalid            ;No hex digit anymore!
05137   ;                   AND     #$0F            
05138  ;.okhex              RTS
05139  ;.invalid            LDA     #FAIL
05140  ;                    RTS                         
05141  
05142  ;------------------------------------------------------------------------
05143  ; HEX2BIN (Extreme Size Optimization: 20 Bytes)
05144  ; Expects: ASCII in A
05145  ; Returns: Binary 0-15 in A, or FAIL if invalid.
05146  ;------------------------------------------------------------------------
05147  00FC10  49 30         HEX2BIN             EOR     #'0'        ; Maps '0'-'9' to 0-9. Maps A-F to $71-$76, a-f to $51-$56
05148  00FC12  C9 0A                             CMP     #10         ; If A < 10, Carry = 0. If A >= 10, Carry = 1.
05149  00FC14  90 0A                             BCC     .DONE       ; 0-9 finished! Branches with exact binary value.
05150                      
05151  00FC16  09 20                             ORA     #$20        ; Magic: Folds both $71-$76 (A-F) and $51-$56 (a-f) into $71-$76!
05152  00FC18  E9 71                             SBC     #$71        ; C=1 from CMP, so no borrow. $71-$76 safely becomes 0-5.
05153  00FC1A  C9 06                             CMP     #6          ; Is it > 5? (Sets C=0 if it is valid 0-5)
05154  00FC1C  B0 03                             BCS     .INVALID    ; If it wasn't a valid hex letter, reject it.
05155                      
05156  00FC1E  69 0A                             ADC     #10         ; C=0 from CMP, so it perfectly adds exactly 10.
05157  00FC20  60            .DONE               RTS
05158  00FC21  A9 FF         .INVALID            LDA     #FAIL
05159  00FC23  60                                RTS
05160  
05161  
05162  ;--------------------------------------------------------------
05163  ;Restore saved registers - used for Tracing
05164  ;--------------------------------------------------------------
05165  00FC24  A5 A8         RESTORE             LDA     SAVP                ;Restore 6502 Register Contents 
05166  00FC26  48                                PHA                         ;Used by tracing software
05167  00FC27  A5 AC                             LDA     SAVA    
05168  00FC29  A6 AB                             LDX     SAVX
05169  00FC2B  A4 AA                             LDY     SAVY
05170  00FC2D  28                                PLP
05171  00FC2E  60                                RTS
05172  
05173  
05174  ;------------------------------------------------------------------------
05175  ; Save HW registers
05176  ;------------------------------------------------------------------------       
05177  00FC2F  85 AC         SAVE                STA     SAVA                ;Save 6502 HW registers
05178  00FC31  86 AB                             STX     SAVX
05179  00FC33  84 AA                             STY     SAVY
05180  00FC35  08                                PHP
05181  00FC36  68                                PLA
05182  00FC37  85 A8                             STA     SAVP                ;svae the flags
05183  00FC39  BA                                TSX
05184  00FC3A  86 A9                             STX     SAVS                ;stack pointer              
05185  00FC3C  60                                RTS 
05186  
05187  
05188  ;------------------------------------------------------------------------
05189  ;Convert keyboard buffer to uppercase           
05190  ;------------------------------------------------------------------------
05191  00FC3D  B5 19         UPPERCASE           LDA     IN,x
05192  00FC3F  C9 7B                             CMP     #'z'+1              
05193  00FC41  B0 08                             BCS     .NEXTDIGIT          
05194  00FC43  C9 61                             CMP     #'a'                
05195  00FC45  90 04                             BCC     .NEXTDIGIT          
05196  00FC47  E9 20                             SBC     #SP         
05197  00FC49  95 19                             STA     IN,x                
05198  00FC4B  CA            .NEXTDIGIT          DEX
05199  00FC4C  10 EF                             BPL     UPPERCASE           ;end of string          
05200  00FC4E  60                                RTS         
05201   
05202   
05203          .IF LCD_ROUTINES
05204          .ENDIF                      ;End of LCD Routines
05205  
05206  
05207  ;------------------------------------------------------------------------------------------
05208  ;Display help screen
05209  ;------------------------------------------------------------------------------------------
05210  00FC4F  20 ED FA      CMD_HLP         JSR     STRING              
05211      
05212          ;Code packed saving 30% of bytes 324 bytes reduced
05213          
05214              .DB $0d,$e2,$a7,$e2,$a7,$e2,$a5,$e4,$a6,$e2,$a2,$e1,$0d,$0a,$e1,$7c
05215              .DB $e3,$7c,$e3,$7c,$7c,$e4,$a3,$7c,$7c,$e5,$7c,$e2,$7c,$e3,$a2,$e1
05216              .DB $5c,$7c,$e2,$7c,$0d,$0a,$e1,$7c,$e7,$7c,$7c,$e4,$a3,$7c,$7c,$e5
05217              .DB $7c,$a1,$e1,$7c,$e4,$a2,$2f,$7c,$a2,$7c,$eb,$40,$e2,$55,$73,$65
05218              .DB $72,$e1,$64,$65,$66,$69,$6e,$65,$64,$e1,$63,$6f,$6d,$6d,$61,$6e
05219              .DB $64,$0d,$0a,$e1,$7c,$a3,$7c,$a3,$7c,$7c,$a7,$7c,$7c,$a7,$7c,$7c
05220              .DB $a3,$7c,$e3,$7c,$a2,$7c,$eb,$41,$e2,$41,$75,$74,$6f,$e1,$6c,$69
05221              .DB $6e,$65,$e1,$6e,$75,$6d,$62,$65,$72,$69,$6e,$67,$0d,$0a,$ff,$f4,$42
05222              .DB $e2,$42,$72,$65,$61,$6b,$e1,$63,$6f,$6d,$6d,$61,$6e,$64,$0d,$0a
05223              .DB $e3,$45,$58,$50,$41,$4e,$53,$49,$4f,$4e,$e1,$50,$4f,$52,$54,$e1
05224              .DB $4c,$4f,$57,$e5,$45,$58,$50,$41,$4e,$53,$49,$4f,$4e,$e1,$50,$4f
05225              .DB $52,$54,$e1,$54,$4f,$50,$e7,$43,$e2,$43,$6f,$70,$79,$e1,$63,$6f
05226              .DB $6d,$6d,$61,$6e,$64,$0d,$0a,$e2,$2b,$b3,$2b,$e2,$2b,$b3,$2b,$e5
05227              .DB $44,$e2,$44,$69,$73,$73,$61,$73,$73,$65,$6d,$62,$6c,$65,$72,$0d
05228              .DB $0a,$e2,$7c,$5b,$5d,$47,$4e,$44,$e9,$2b,$35,$56,$5b,$5d,$7c,$e2
05229              .DB $7c,$5b,$5d,$50,$41,$30,$e9,$49,$52,$51,$5b,$5d,$7c,$e5,$49,$e2
05230              .DB $41,$53,$43,$49,$49,$e1,$44,$75,$6d,$70,$0d,$0a,$e2,$7c,$5b,$5d
05231              .DB $41,$31,$32,$e9,$2b,$35,$56,$5b,$5d,$7c,$e2,$7c,$5b,$5d,$50,$41
05232              .DB $31,$e9,$4e,$4d,$49,$5b,$5d,$7c,$e5,$4c,$e2,$4c,$69,$73,$74,$e1
05233              .DB $63,$6f,$6d,$6d,$61,$6e,$64,$0d,$0a,$e2,$7c,$5b,$5d,$41,$37,$eb
05234              .DB $4e,$43,$5b,$5d,$7c,$e2,$7c,$5b,$5d,$50,$41,$32,$e9,$52,$2f,$57
05235              .DB $5b,$5d,$7c,$e5,$4d,$e2,$4d,$65,$6d,$6f,$72,$79,$e1,$63,$6f,$6d
05236              .DB $6d,$61,$6e,$64,$0d,$0a,$e2,$7c,$5b,$5d,$41,$36,$eb,$41,$38,$5b
05237              .DB $5d,$7c,$e2,$7c,$5b,$5d,$50,$41,$33,$ea,$30,$32,$5b,$5d,$7c,$e5
05238              .DB $4e,$e2,$4e,$65,$77,$e1,$63,$6f,$6d,$6d,$61,$6e,$64,$0d,$0a,$e2
05239              .DB $7c,$5b,$5d,$41,$35,$eb,$41,$39,$5b,$5d,$7c,$e2,$7c,$5b,$5d,$50
05240              .DB $41,$34,$e9,$43,$41,$31,$5b,$5d,$7c,$e5,$4f,$e2,$4f,$6c,$64,$e1
05241              .DB $63,$6f,$6d,$6d,$61,$6e,$64,$0d,$0a,$e2,$7c,$5b,$5d,$41,$34,$ea
05242              .DB $41,$31,$31,$5b,$5d,$7c,$e2,$7c,$5b,$5d,$50,$41,$35,$e9,$50,$42
05243              .DB $35,$5b,$5d,$7c,$e5,$52,$e2,$52,$65,$6e,$75,$6d,$62,$65,$72,$e1
05244              .DB $63,$6f,$6d,$6d,$61,$6e,$64,$0d,$0a,$e2,$7c,$5b,$5d,$41,$33,$ea
05245              .DB $47,$4e,$44,$5b,$5d,$7c,$e2,$7c,$5b,$5d,$50,$41,$36,$e9,$50,$42
05246              .DB $36,$5b,$5d,$7c,$e5,$53,$e2,$53,$74,$61,$72,$74,$e1,$61,$73,$73
05247              .DB $65,$6d,$62,$6c,$69,$6e,$67,$0d,$0a,$e2,$7c,$5b,$5d,$41,$32,$ea
05248              .DB $41,$31,$30,$5b,$5d,$7c,$e2,$7c,$5b,$5d,$50,$41,$37,$e9,$50,$42
05249              .DB $37,$5b,$5d,$7c,$e5,$54,$e2,$54,$72,$61,$63,$65,$e1,$63,$6f,$64
05250              .DB $65,$0d,$0a,$e2,$7c,$5b,$5d,$41,$31,$eb,$43,$53,$5b,$5d,$7c,$e2
05251              .DB $2b,$b3,$2b,$e5,$56,$e2,$56,$61,$6c,$75,$65,$e1,$63,$6f,$6d,$6d
05252              .DB $61,$6e,$64,$0d,$0a,$e2,$7c,$5b,$5d,$41,$30,$eb,$44,$37,$5b,$5d
05253              .DB $7c,$fc,$47,$e2,$47,$6f,$e1,$63,$6f,$6d,$6d,$61,$6e,$64,$0d,$0a
05254              .DB $e2,$7c,$5b,$5d,$44,$30,$eb,$44,$36,$5b,$5d,$7c,$e3,$48,$41,$52
05255              .DB $44,$57,$41,$52,$45,$e1,$4d,$41,$50,$50,$49,$4e,$47,$e9,$59,$e2
05256              .DB $4d,$65,$6d,$6f,$72,$79,$e1,$63,$6f,$6e,$66,$69,$67,$75,$72,$61
05257              .DB $69,$6f,$6e,$0d,$0a,$e2,$7c,$5b,$5d,$44,$31,$eb,$44,$35,$5b,$5d
05258              .DB $7c,$fc,$45,$e2,$45,$72,$61,$73,$65,$e1,$6c,$69,$6e,$65,$0d,$0a
05259              .DB $e2,$7c,$5b,$5d,$44,$32,$eb,$44,$34,$5b,$5d,$7c,$e4,$43,$53,$e3
05260              .DB $24,$32,$30,$30,$30,$ee,$5a,$e2,$43,$6c,$65,$61,$72,$e1,$53,$63
05261              .DB $72,$65,$65,$6e,$0d,$0a,$e2,$7c,$5b,$5d,$47,$4e,$44,$ea,$44,$33
05262              .DB $5b,$5d,$7c,$e4,$56,$49,$41,$e2,$24,$34,$30,$30,$30,$ee,$57,$e2
05263              .DB $44,$69,$73,$70,$6c,$61,$79,$e1,$52,$65,$67,$69,$73,$74,$65,$72
05264              .DB $0d,$0a,$e2,$2b,$b3,$2b,$e4,$41,$43,$49,$41,$e1,$24,$36,$30,$30
05265              .DB $30,$0d,$0a,EOS
05266          
05267          
05268  ;------------------------------------------------------------------------------------------
05269  ;
05270  ;------------------------------------------------------------------------------------------
05271  00FF87  60            USERKEYDEF_RETURN   RTS
05272  
05273  
05274  ;------------------------------------------------------------------------------------------
05275  ;TABLE of X screen coordinates to draw 01_02_03_04__05_06 etc where _ is a space
05276  ;------------------------------------------------------------------------------------------
05277  XCORDINATE          .DB     09,12,15,18,22,25,28,31,35,38,41,44,48,51,54,57,60
05278  
05279  
05280  
05281          
05282                  .IF ROM_LIBRRAY 
05283                  
05284  ;------------------------------------------------------------------------------------------
05285  ;interrupt vectors        
05286  ;------------------------------------------------------------------------------------------
05287  00FFFA                            *=   $fffa          
05288                  .WORD   NMI_VECTOR                  ; NMI_VECTOR
05289                  .WORD   RESET_VECTOR                ; REST VECTOR
05290                  .WORD   IRQ_VECTOR                  ; IRQ_VECTOR            
05291  
05292  
